,0,1,2,3,4,5,6,7,8,9,10,11,12,13,14,15,16,17,18,19,20,21,22,23,24,25,26,27,28,29,30,31,32,33,34,35,36,37,38,39,40,41,42,43,44,45,46
State,Alaska,Alabama,Arkansas,Arizona,California,Colorado,Connecticut,District of Columbia,Delaware,Florida,Georgia,Hawaii,Iowa,Idaho,Illinois,Indiana,Kansas,Kentucky,Louisiana,Massachusetts,Maryland,Maine,Michigan,Minnesota,Missouri,Mississippi,North Carolina,Nebraska,New Hampshire,New Jersey,Nevada,New York,Ohio,Oklahoma,Oregon,Pennsylvania,Rhode Island,South Carolina,South Dakota,Tennessee,Texas,Utah,Virginia,Vermont,Washington,Wisconsin,West Virginia
StateAbbrev,AK,AL,AR,AZ,CA,CO,CT,DC,DE,FL,GA,HI,IA,ID,IL,IN,KS,KY,LA,MA,MD,ME,MI,MN,MO,MS,NC,NE,NH,NJ,NV,NY,OH,OK,OR,PA,RI,SC,SD,TN,TX,UT,VA,VT,WA,WI,WV
1/31/1996,128799,82282,68557,110353,164133,143302,157679,195151,132770,103902,103052,265063,80219,124061,139641,108831,76326,75536,83569,159323,154040,98046,88554,105109,82703,73163,110441,83344,110481,167436,162715,119646,92249,64192,131522,96738,128809,97030,84567,90477,98043,160686,122364,109627,142534,99186,60990
2/29/1996,129299,82384,68588,110668,163906,143773,157478,194150,132713,104008,103209,263967,80386,123872,139388,108812,76473,75692,83885,159323,154040,97699,88873,104934,82908,73162,110656,83667,110217,167117,162674,119373,92362,64289,132004,96676,128916,97138,84961,90655,98068,160818,122311,109607,142542,99329,60995
3/31/1996,129737,82466,68665,111028,163766,144161,157722,193289,132655,104130,103370,262994,80538,123797,139067,108372,76628,75821,84123,159448,154042,97486,89176,104859,83070,73237,110849,83883,110037,166885,162822,119211,92511,64443,132426,96615,128919,97176,84923,90872,98099,161092,122319,109517,142570,99435,60998
4/30/1996,130648,82582,68774,111685,163493,144946,157889,191849,132515,104360,103716,260961,80841,123613,138688,108000,76891,76115,84622,159665,154099,97000,89828,104782,83389,73329,111248,84348,109767,166449,162966,118966,92820,64700,133274,96516,128938,97377,84980,91294,98226,161570,122300,109372,142641,99740,61010
5/31/1996,131314,82646,68901,112300,163318,145634,158013,190734,132638,104581,104064,258626,81072,123484,138168,107799,77065,76373,84911,159902,154244,96639,90471,104858,83649,73478,111641,84678,109818,166110,163242,118867,93141,64967,134100,96423,128778,97527,84773,91737,98368,162209,122256,109188,142778,100100,61014
6/30/1996,131931,82747,69015,112856,163183,146317,158074,189923,132913,104823,104432,256010,81278,123321,137858,107966,77235,76635,85175,160149,154363,96272,91129,105088,83886,73610,112086,85061,110056,165805,163407,118801,93435,65167,134937,96382,128511,97780,84795,92191,98485,162720,122199,108912,143123,100604,61026
7/31/1996,132415,82888,69166,113368,163107,146978,158149,189218,133387,105055,104774,253442,81433,123174,137428,108061,77373,76896,85339,160519,154426,96011,91724,105339,84097,73793,112557,85446,110414,165590,163669,118722,93694,65369,135777,96351,128264,97930,84825,92661,98577,163206,122156,108611,143527,101107,61029
8/31/1996,132795,83096,69333,113838,163113,147662,158383,188579,133773,105262,105119,251713,81609,123141,137883,107837,77575,77169,85648,161019,154392,95833,92274,105724,84329,73933,113018,85848,110696,165530,164147,118645,93983,65539,136578,96395,128192,98119,84849,93115,98692,163594,122224,108387,144016,101592,61010
9/30/1996,133037,83221,69494,114287,163162,148318,158253,188193,134253,105408,105456,250385,81769,123147,138584,107697,77740,77436,85929,161498,154450,95762,92784,106063,84590,74057,113421,86208,110946,165570,164665,118602,94281,65696,137341,96427,128377,98209,84905,93508,98843,164021,122345,108311,144418,102005,60940
10/31/1996,133078,83344,69673,114739,163339,148942,158111,187643,134695,105562,105824,249101,82043,123218,140046,106809,77966,77671,86310,162078,154544,95815,93288,106482,84917,74335,113899,86603,111225,165672,165150,118608,94585,65840,138184,96513,128562,98418,84929,93865,99019,164433,122520,108451,144909,102422,60903
11/30/1996,133087,83437,69827,115160,163542,149551,157890,187436,135033,105733,106207,247592,82404,123302,141251,105964,78200,77976,86604,162634,154671,95854,93843,106918,85236,74669,114433,87069,111544,165749,165393,118644,94886,66026,139064,96615,128683,98646,85222,94237,99235,164952,122660,108645,145492,102863,60932
12/31/1996,133162,83616,70025,115553,163823,150156,157984,187167,135208,105943,106624,246352,82829,123483,142168,104819,78449,78298,86981,163232,154798,95886,94445,107381,85528,75006,115003,87442,111982,165853,165778,118724,95197,66264,139973,96750,128732,98937,85382,94623,99470,165467,122807,108912,146159,103305,61016
1/31/1997,133530,83713,70231,115896,163866,150751,157619,187124,135364,105977,106963,245565,83021,123820,142478,104294,78685,78611,87351,163350,154743,96274,95082,107777,85750,75131,115561,87786,112423,166110,166136,118678,95496,66456,140798,96851,128868,99228,85700,94950,99489,165893,122891,109183,146720,103718,61356
2/28/1997,133978,83827,70523,116272,163975,151246,157748,187548,135682,106070,107353,244908,83096,124319,142471,103704,78932,78842,87681,163579,154710,96857,95664,108298,85904,75221,116106,88033,113048,166493,166678,118892,95798,66664,141587,96957,128836,99552,85634,95323,99484,166225,123056,109255,147319,104082,61704
3/31/1997,134356,83939,70773,116570,164164,151783,157236,188263,136174,106172,107769,243844,83069,124755,142599,103625,79168,79076,87936,163742,154652,97459,96273,108894,86085,75334,116701,88480,113725,166969,166999,119123,96081,66805,142456,97119,128880,99942,85672,95705,99466,166414,123172,109310,147988,104513,62091
4/30/1997,134383,84273,71077,116898,164646,152416,157283,189075,136799,106495,108265,242567,83111,125134,142474,103241,79423,79290,88187,164285,154741,97793,96812,109551,86304,75535,117256,88959,114385,167365,167553,119423,96370,67023,143346,97337,128916,100249,85776,96157,99597,166717,123364,109232,148907,104868,62278
5/31/1997,134766,84695,71309,117240,165218,153146,157215,189362,137157,106794,108731,241614,83245,125567,142617,102815,79771,79568,88560,164910,154748,98066,97384,110049,86607,75758,117779,89516,114772,167808,167957,119522,96668,67220,144174,97608,129343,100608,86427,96549,99684,167061,123516,109438,149847,105249,62424
6/30/1997,134773,85113,71511,117580,165819,153823,157350,189508,137311,107064,109153,241217,83401,126174,142417,102564,80093,79856,88948,165611,154858,98427,97873,110447,86920,75930,118206,89930,114972,168327,168343,119650,97003,67511,144917,97858,129847,100918,86880,96890,99812,167600,123697,109850,150505,105454,62545
7/31/1997,134980,85440,71625,117913,166553,154403,157550,189835,137281,107323,109613,240896,83620,126809,142160,102567,80484,80179,89391,166242,155062,98752,98451,110868,87259,75994,118591,90291,115113,168847,168572,119900,97362,67795,145589,98134,130298,101375,87399,97217,99942,168131,123926,110393,151114,105687,62623
8/31/1997,135216,85736,71760,118243,167335,154969,157607,190041,137369,107599,110117,240030,83780,127298,140132,102965,80783,80488,89777,166909,155343,98997,99106,111274,87581,76130,119066,90672,115404,169265,168559,120139,97672,68119,146253,98268,130481,101842,87766,97551,100120,168605,124108,110683,151571,105902,62787
9/30/1997,135866,86122,71958,118625,168209,155593,158161,190009,137309,107917,110672,239062,83953,127725,137597,102772,81126,80807,90226,167665,155460,99213,99825,111730,87901,76348,119639,91094,115881,169619,168699,120373,97969,68455,146916,98432,130375,102531,88524,97964,100303,168995,124324,110883,152129,106188,62959
10/31/1997,136641,86556,72161,119001,168995,156324,158654,189966,137328,108204,111201,238510,83986,128095,133831,103555,81365,81160,90568,168456,155578,99289,100545,112192,88120,76862,120084,91443,116471,169942,168865,120535,98241,68814,147359,98533,130344,103168,89285,98384,100552,169456,124477,110886,152710,106520,63196
11/30/1997,137036,87028,72467,119422,169908,157106,159182,190293,137444,108539,111715,238365,83871,128419,130842,104226,81552,81454,91010,169245,155692,99595,101184,112667,88332,77284,120453,91715,117134,170395,169338,120884,98533,69153,147797,98733,130464,103872,89656,98809,100778,169660,124747,111096,153329,106748,63415
12/31/1997,137421,87451,72725,119880,170948,157877,159387,191186,137792,108873,112235,238056,83693,128633,128635,105254,81747,81747,91400,170210,155768,99970,101745,113242,88547,77721,120782,92120,117752,170886,169720,121254,98838,69460,148144,98956,130739,104484,90199,99210,101017,169886,124969,111237,154080,106990,63692
1/31/1998,137024,88004,73083,120481,172388,158705,160433,192574,138178,109588,112961,237088,83826,128663,127770,105522,82001,82179,91796,171690,155990,99810,102318,113916,88848,78035,121206,92686,118440,171296,170348,121994,99204,69889,148795,99269,131053,105055,90397,99819,101493,170273,125338,111467,155263,107164,63630
2/28/1998,136691,88475,73287,121030,173983,159443,161206,193455,138455,110183,113620,236030,84100,128515,127597,105727,82199,82667,92121,173211,156207,99429,102924,114580,89169,78517,121572,93207,119184,171653,170913,122416,99608,70291,149305,99560,131422,105484,90233,100400,101948,171007,125621,111931,156471,107510,63462
3/31/1998,136355,88925,73509,121546,175514,160169,162316,194032,138657,110715,114205,235584,84500,128405,127494,105994,82338,83191,92537,174769,156566,98925,103517,115166,89459,78847,121903,93486,119973,171884,171496,122818,99998,70685,149725,99788,131741,105969,90123,100927,102398,171760,125933,112648,157654,107878,63243
4/30/1998,136883,89184,73583,121953,176820,160700,162632,193974,138841,110835,114571,235864,84812,128364,127451,106480,82451,83595,92865,175959,156710,98993,104077,115601,89742,79100,122245,93606,120751,172215,171727,122881,100327,70942,149963,99922,131954,106410,90503,101217,102522,172237,126104,113596,158314,108336,63203
5/31/1998,137285,89433,73779,122379,177999,161338,163254,194580,138904,111029,115047,236821,85143,128357,127387,106629,82675,84011,93544,177130,156838,99145,104620,116140,90043,79262,122726,93987,121427,172469,171877,123085,100644,71231,150331,100036,132000,107020,91133,101531,102729,172336,126497,114198,159021,108640,63345
6/30/1998,138409,89673,74079,122842,179220,161978,163781,195285,139015,111180,115591,238070,85454,128273,127321,105531,82982,84397,94249,178336,156855,99350,105237,116592,90372,79680,123266,94540,122162,172766,172315,123290,100981,71521,150780,100128,132150,107518,91887,101863,102937,172375,126895,114728,159770,108898,63536
7/31/1998,139588,90041,74462,123405,180326,162925,164232,195829,139033,111393,116176,239545,85777,128311,127604,104209,83292,84737,95134,179434,156845,99542,105863,117212,90713,80107,123821,95160,122971,173056,172648,123373,101371,71820,151285,100226,132422,108135,92679,102155,103238,172410,127277,115169,160706,109135,63862
8/31/1998,140769,90333,74810,124055,181529,163966,164725,196951,139213,111697,116746,240260,86119,128383,128785,103362,83603,85071,95721,180569,156975,99926,106465,117806,90971,80601,124259,95632,123997,173468,172991,123696,101768,72165,151826,100473,132897,108704,93707,102474,103468,172548,127572,116076,161840,109480,64141
9/30/1998,141489,90713,75087,124672,182838,165148,165318,198398,139538,112170,117291,240502,86484,128576,130485,103518,83937,85415,96262,181815,157214,100396,107075,118707,91167,80966,124668,96108,125060,174007,173066,124103,102173,72550,152257,100763,133436,109216,94058,102831,103683,172719,127766,116884,163240,109914,64560
10/31/1998,142091,91040,75340,125276,184223,166241,166163,200834,139951,112726,117860,240125,86758,128724,132735,103912,84304,85792,96767,183145,157379,101041,107703,119549,91417,80442,125139,96579,126103,174722,173355,124756,102618,72943,152811,101109,133987,109568,94460,103273,103750,172782,128016,117663,164434,110272,64808
11/30/1998,143475,91372,75479,125844,185496,167242,167156,202069,140511,113132,118458,239842,87078,128949,134654,104259,84727,86083,97267,184711,157429,101400,108334,120386,91750,79858,125588,96998,126961,175375,173688,125134,103039,73229,153172,101287,134355,109780,95056,103622,103784,173025,128219,118031,165457,110712,64886
12/31/1998,144615,91613,75594,126427,186579,168296,167989,202666,141141,113452,119017,239510,87439,129161,136122,104777,85101,86347,97640,185969,157597,101805,108979,121117,92140,79277,126017,97403,127757,176069,173897,125524,103392,73428,153709,101386,134716,110033,95884,103951,103789,173137,128584,118508,166213,111114,64740
1/31/1999,146450,91879,75531,126817,187852,169320,168518,202010,141766,113556,119467,239491,87837,129345,136792,104946,85415,86401,98000,187755,158000,102363,109483,122007,92518,79547,126326,97663,128490,176695,173742,125709,103652,73552,153830,101447,134849,110423,97022,104040,104010,173164,128912,118979,166621,111699,64531
2/28/1999,147658,92183,75561,127233,189200,170669,168898,201996,142404,113783,119949,239590,88246,129656,137165,105058,85763,86578,98345,189631,158584,103152,110118,123143,92942,79844,126726,97977,129301,177503,173570,126132,103931,73784,154079,101579,135240,110965,99505,104135,104499,173081,129313,119503,167096,112281,64450
3/31/1999,148957,92527,75569,127717,190613,172097,169569,202442,142976,114057,120529,239449,88610,129922,137549,104953,86158,86755,98757,191797,159083,104067,110726,124441,93388,80249,127110,98344,130303,178432,173594,126586,104270,74057,154209,101761,135627,111491,102758,104223,105171,173134,129734,119775,167627,112887,64320
4/30/1999,149399,92789,75755,128373,191888,173694,170575,203802,143619,114537,121245,238990,89019,130234,138055,104890,86663,87157,99286,193841,159547,104912,111487,125797,93775,80658,127580,98826,131649,179484,173866,127305,104620,74411,154594,102002,136349,112150,105122,104522,105919,173316,130321,120115,168636,113496,64425
5/31/1999,149916,93106,75929,129048,193219,175233,171736,205359,144331,115025,121929,238164,89354,130271,138483,104940,87047,87485,99646,195856,159933,105759,112201,127124,94083,80864,127939,99123,133093,180646,174338,128083,104907,74727,154946,102228,137100,112654,106124,104859,106611,173093,130865,120719,169459,114041,64462
6/30/1999,150295,93363,76122,129917,194791,177109,172817,206876,145094,115686,122627,236938,89733,130298,139225,105487,87405,87824,100020,197822,160381,106732,113011,128613,94392,80751,128288,99247,134658,181806,174933,128915,105171,75071,155256,102498,138174,113214,106453,105279,107298,172862,131550,121501,170590,114612,64572
7/31/1999,150256,93583,76332,130717,196460,178852,173934,208776,145935,116375,123350,235691,90046,130122,140023,106019,87676,88133,100291,200152,160893,107849,113793,129879,94699,80810,128661,99394,136057,183089,176060,130018,105450,75432,155563,102772,139313,113622,106571,105731,107956,172721,132180,122407,171494,115128,64666
8/31/1999,150483,93846,76490,131483,197941,180356,174917,210610,146616,116992,124017,235253,90417,130105,140797,105522,87998,88453,100683,201924,161394,108792,114580,130856,95175,80717,129033,99681,137200,184155,177032,130903,105782,75717,155872,103021,140343,114023,107115,106148,108517,173203,132794,123062,172473,115591,64691
9/30/1999,150646,94112,76628,132137,199271,181494,175886,212388,147249,117431,124698,235320,90766,130055,141313,104682,88319,88746,101038,203771,161906,109444,115321,131585,95661,80788,129431,100001,138185,185165,177920,131778,106129,75957,156546,103284,141209,114341,107737,106451,108981,173649,133429,123812,173252,116001,64658
10/31/1999,151544,94403,76733,132771,200832,182727,176811,213863,147799,117814,125357,235921,91287,130182,141942,103258,88653,89045,101300,205241,162514,109956,116043,132459,96054,80974,129780,100359,139073,186078,178458,132391,106488,76171,157164,103526,141999,114720,108784,106693,109521,174138,134101,124545,174338,116457,64605
11/30/1999,151984,94755,76861,133409,202722,184229,177900,215891,148400,118331,126035,236826,91859,130394,142712,102258,89029,89417,101637,206955,163345,110795,116770,133756,96316,81451,130207,100686,140539,187322,179128,133079,106864,76493,157889,103847,143260,115210,109661,107014,110115,174536,134830,125481,175494,117092,64690
12/31/1999,152465,95093,77037,133968,204807,185854,179208,218512,148997,118898,126684,238110,92252,130694,143542,100988,89446,89795,102036,209047,164136,111715,117503,135141,96622,81894,130661,100987,142145,188698,179824,133698,107326,76878,158201,104230,144608,115766,110242,107331,110711,175111,135541,126381,176552,117802,64816
1/31/2000,152670,95364,77226,134693,206839,187589,180552,221744,149659,119497,127306,239941,92623,131036,144543,100450,89879,90179,102556,211082,164850,112816,118367,136485,97087,82075,131115,101088,144079,190213,180676,134301,107860,77225,158614,104664,146207,116278,110877,107655,111099,175654,136313,127302,177517,118519,65094
2/29/2000,152811,95616,77531,135428,208781,189341,182174,224451,150380,120104,128040,241297,92995,131237,145546,100365,90179,90471,103115,213456,165309,113896,119132,137748,97558,82205,131653,101299,145725,191625,181388,135159,108391,77475,159115,105173,147674,116841,110714,107983,111381,176203,137220,128076,178494,119005,65408
3/31/2000,152696,95876,77844,136218,210774,191058,183695,226757,151143,120786,128830,242890,93553,131414,146552,100384,90455,90762,103587,215523,165844,114964,119954,138878,98023,82345,132195,101540,147375,193031,182160,136154,108832,77774,159828,105672,149234,117369,110018,108313,111550,176654,138102,128942,179438,119486,65765
4/30/2000,152501,96251,78203,136956,212913,192947,185085,228447,151944,121520,129705,244014,93984,131554,147448,100111,90657,91040,104009,217667,166352,115914,120703,140172,98540,82514,132787,101926,148464,194427,182961,137276,109293,78098,160593,106159,150701,117923,109346,108664,111738,177216,138920,129715,180370,119798,65975
5/31/2000,152519,96584,78420,137702,215239,194836,186031,230065,152750,122217,130520,245508,94411,131957,148321,99943,90980,91350,104346,219821,167068,116650,121537,141419,99107,82851,133330,102091,149579,195763,183748,138261,109833,78495,161166,106635,152046,118365,109263,108954,111775,178828,139627,130547,181396,120294,66118
6/30/2000,152657,96963,78592,138257,217656,196768,187054,232109,153570,122854,131329,247030,94757,132426,149159,99950,91307,91648,104719,222022,167746,117380,122315,142755,99658,83309,133868,102241,150618,197170,184396,139222,110418,78823,161686,107078,152936,118822,109519,109196,111810,180223,140275,131251,182202,120783,66294
7/31/2000,153224,97268,78717,138868,220152,198633,188221,233864,154391,123463,132107,248387,95146,132882,149947,100258,91731,91990,105056,224300,168476,118061,123164,144155,100233,83653,134357,102325,152088,198593,184742,139952,110914,79161,162081,107514,153753,119224,109802,109449,111804,181561,141057,131953,183109,121384,66482
8/31/2000,153816,97580,78947,139440,222815,200754,189436,235261,155178,124083,132940,249884,95452,133248,150851,100793,92152,92388,105419,227065,169077,118936,123958,146077,100834,84010,134814,102530,153781,200229,185216,140624,111359,79468,162530,107888,154480,119730,109912,109686,111988,181796,141966,132742,183778,121974,66765
9/30/2000,154847,97870,79235,140160,225571,203074,190653,236158,155924,124779,133774,251166,95813,133543,151820,101267,92557,92834,105850,230045,169749,119956,124702,147902,101445,84305,135260,102721,155556,201923,185891,141263,111797,79759,162845,108279,155441,120296,110413,109992,112233,182263,142940,133613,184477,122557,67022
10/31/2000,155602,98179,79570,140820,228238,205423,191815,236132,156627,125522,134640,252533,96199,133830,152814,101894,92973,93245,106390,233102,170538,121025,125410,149722,102099,84788,135729,102916,157648,203613,186689,142030,112223,80055,163218,108697,156388,120854,110620,110258,112481,182691,143881,134603,185000,123135,67347
11/30/2000,156479,98501,80016,141474,230893,207699,193088,236437,157464,126322,135516,253380,96546,134130,153839,102505,93324,93681,106961,235976,171361,122119,126193,151128,102820,85258,136275,103175,159483,205205,187538,142975,112659,80408,163623,109192,157460,121389,110663,110587,112775,183272,144863,135498,185641,123641,67805
12/31/2000,157456,98914,80492,142158,233576,209945,194371,236635,158194,127147,136480,254331,96993,134438,154913,103170,93721,94146,107559,238922,172262,123292,127007,152810,103478,85877,136830,103422,161364,206775,188320,143977,113077,80807,164187,109719,158708,121818,110737,110980,113095,183828,145913,136391,186417,124154,68387
1/31/2001,158992,99413,81060,142864,236153,212321,195777,237665,159014,128003,137465,255263,97366,134954,155943,103643,94217,94732,108196,241870,173031,124563,127726,154400,103976,86381,137425,103872,163015,208381,189216,145006,113492,81255,164858,110241,160141,122360,110749,111479,113314,184391,147014,137136,187351,124633,69034
2/28/2001,161492,99806,81355,143567,238829,214436,197087,238819,159684,128893,138283,256274,97785,135408,156842,103747,94879,95248,108713,244675,173926,125695,128353,155966,104380,86720,137842,104114,165016,210194,190297,145836,113866,81666,165404,110706,161539,122810,110626,111852,113304,184799,147957,138079,188235,125230,69323
3/31/2001,164795,100156,81617,144219,241622,216433,198416,240643,160456,129796,138999,257124,98097,136085,157755,103867,95576,95758,109234,247542,174785,126773,128947,157631,104915,86966,138221,104323,166926,212027,191323,146660,114270,82011,165948,111196,163071,123300,110797,112203,113138,185070,148948,139028,189064,125840,69562
4/30/2001,168075,100398,81750,144833,244574,218178,199836,242837,161143,130714,139619,258239,98439,136619,158730,104058,96211,96174,109686,250495,175854,127689,129551,159356,105539,87237,138522,104400,169053,213994,192265,147463,114661,82307,166344,111698,164671,123611,111230,112469,113040,185267,149907,140066,189823,126568,69696
5/31/2001,170970,100644,82038,145449,247224,219902,201343,244782,161874,131657,140322,259802,98763,137084,159837,104311,96878,96626,109982,253486,176795,128918,130167,160941,106198,87546,138859,104671,171346,215925,193169,148360,115022,82565,166801,112149,166283,124023,112055,112768,113126,185063,150992,140979,190479,127203,70029
6/30/2001,173394,100873,82312,146047,249563,221399,202764,246227,162555,132620,140985,261478,99121,137335,160890,104454,97494,97076,110295,256641,177837,130112,130704,162478,106845,87842,139179,105041,173640,217906,194206,149270,115327,82841,167244,112584,167964,124424,112394,113023,113233,185023,152004,141896,191195,127839,70289
7/31/2001,175619,101146,82610,146591,251635,222931,204075,247868,163216,133660,141654,263129,99493,137735,161850,104504,98016,97483,110579,259709,178836,131383,131225,164048,107468,88054,139448,105415,175804,219860,195332,150233,115665,83087,167787,113023,169662,124874,112803,113244,113361,184958,153041,142850,191791,128437,70518
8/31/2001,177240,101390,82855,147120,253669,224477,205908,250081,163943,134733,142315,264279,99921,138230,162760,104758,98478,97806,111205,262943,180023,132452,131762,165677,108022,88359,139784,105704,177676,221742,196543,151233,116023,83386,168429,113510,171604,125201,112909,113534,113408,185397,154031,143686,192535,129031,70725
9/30/2001,178443,101654,83059,147700,255748,225871,207887,252653,164780,135866,142952,265463,100351,138766,163747,104969,98887,98071,111735,265749,181245,133584,132375,167410,108563,88603,140104,105969,179614,223714,197768,152226,116377,83696,169027,113992,173485,125491,112880,113814,113513,185751,155079,144521,193223,129636,70937
10/31/2001,179444,101945,83183,148352,257928,227066,209932,255512,165708,137010,143558,266666,100706,139241,164808,105300,99322,98336,112232,268689,182442,134713,132941,169179,109126,88943,140453,106200,181298,225825,198966,153301,116714,84003,169620,114470,175810,125796,113024,114124,113636,186224,156145,145354,194040,130198,71150
11/30/2001,180672,102187,83255,149077,260086,228014,211450,257925,166626,138137,144122,268102,101043,139572,165882,105434,99544,98586,112547,271545,183737,135995,133439,170888,109728,89125,140679,106438,183073,227964,199939,154410,117023,84232,170127,115020,177978,126092,113363,114341,113724,186450,157317,146476,194763,130801,71263
12/31/2001,181982,102344,83302,149741,262257,228882,212889,260534,167591,139237,144655,269857,101390,139945,166822,105676,99808,98825,112811,274333,185077,137161,133886,172204,110375,89254,140870,106691,184863,230083,201040,155572,117311,84433,170756,115557,180351,126413,113726,114494,113810,186574,158474,147611,195712,131404,71335
1/31/2002,183123,102433,83405,150336,264462,229442,214332,262936,168522,140314,145150,271196,101684,140149,167704,105689,100018,99011,112978,277001,186632,138387,134398,173421,111038,89365,141030,106961,186738,232218,202036,156754,117580,84633,171385,116130,182390,126619,113803,114620,113920,186631,159670,148835,196456,132056,71382
2/28/2002,183772,102601,83601,150867,266844,230095,216055,265760,169513,141344,145689,272889,101940,140468,168625,105794,100291,99244,113276,279477,188189,139694,134927,174602,111736,89504,141226,107267,188465,234461,203028,157918,117851,84902,172058,116698,184580,126765,114117,114810,114158,186607,160898,149897,197246,132699,71579
3/31/2002,184135,102755,83830,151475,269298,230798,217850,268071,170530,142359,146190,274486,102164,140685,169716,105779,100626,99466,113659,282132,189859,141163,135475,175815,112335,89654,141450,107585,190055,236805,203925,158964,118149,85149,172643,117318,186687,126907,114340,115025,114506,186821,162129,151021,197860,133285,71819
4/30/2002,184685,102929,84066,152084,271952,231584,219721,270618,171561,143390,146707,276501,102554,140843,170653,105851,101074,99712,114207,284771,191526,142860,135926,176915,112885,89697,141631,107897,191951,239131,205014,160044,118442,85398,173225,117959,189033,127143,114694,115209,114926,186937,163412,152130,198404,133844,72069
5/31/2002,185108,103145,84297,152664,274794,232418,221696,273375,172525,144467,147182,277953,103017,140996,171638,105925,101147,99913,115154,287618,193408,144205,136268,178269,113390,89842,141862,108244,193557,241504,205999,161140,118743,85626,173891,118588,191622,127422,114949,115399,115351,186936,164617,153131,198803,134340,72238
6/30/2002,185443,103385,84561,153318,278121,233143,223879,276582,173579,145581,147670,279609,103521,141270,172573,106102,101142,100129,115875,290613,195278,145575,136610,179552,113928,90035,142074,108568,195438,243981,206867,162339,119037,85881,174634,119204,194351,127666,115471,115606,115838,186818,165950,154123,199183,134840,72415
7/31/2002,185490,103639,84839,153985,281890,233838,226180,279625,174684,146689,148119,281917,103906,141584,173739,106251,100994,100382,116588,294039,197268,146791,136903,180882,114478,90413,142350,108869,197240,246619,207616,163574,119343,86156,175354,119847,197239,127917,115882,115845,116319,186768,167218,155016,199746,135289,72613
8/31/2002,186039,103866,85099,154738,285885,234216,228274,282428,175885,147854,148501,284902,104219,141855,174856,106272,100991,100659,116464,297376,199252,148123,137243,181949,114999,90629,142562,109171,199494,249698,208567,164850,119626,86408,175874,120618,200746,128191,116249,116025,116813,186758,168577,155812,200332,135798,72879
9/30/2002,186605,104095,85373,155332,289808,234712,230043,285459,176955,148992,148889,288685,104458,142124,175921,106314,100932,100936,116551,300906,201246,149390,137517,183059,115574,90915,142773,109498,201686,253071,209570,166110,119914,86662,176432,121403,204923,128479,116614,116213,117233,186626,169921,156443,200978,136316,73160
10/31/2002,187253,104314,85727,156013,293769,235248,232319,288754,178107,150199,149288,291870,104753,142477,176940,106412,100908,101199,116605,304794,203270,150637,137844,184163,116170,91109,142963,109907,204048,256643,211003,167335,120222,86919,177006,122239,208714,128769,116736,116425,117620,186291,171342,157024,201628,136935,73536
11/30/2002,187938,104532,86089,156724,297969,235759,234852,293339,179234,151427,149680,295144,105117,142892,177861,106617,101506,101470,117051,308831,205293,151957,138190,185421,116768,91391,143171,110280,206361,260141,212602,168626,120586,87205,177807,122963,212057,129083,116958,116667,118016,186151,172779,157956,202402,137619,73755
12/31/2002,188710,104782,86453,157584,302303,236014,237455,298404,180522,152830,150003,298080,105500,143175,178954,106801,102049,101723,117504,312765,207508,153351,138561,186868,117292,91637,143382,110678,208790,263641,214363,170030,120961,87471,178594,123750,214796,129412,117299,116929,118403,186021,174238,158999,202923,138360,73937
1/31/2003,189717,105022,86680,158468,306466,236238,239841,303073,181958,154291,150353,301796,105925,143440,180014,106908,102617,101968,117989,316144,209745,154658,138900,188374,117822,91831,143612,111057,211143,267124,216102,171429,121330,87688,179494,124552,217914,129763,118061,117142,118680,186005,175692,160120,203636,139089,74012
2/28/2003,190270,105329,86942,159329,310280,236510,242031,307016,183640,155842,150704,305549,106354,143708,181208,107012,102828,102234,118405,319523,212089,155843,139299,189788,118435,92060,143847,111477,213526,270519,217761,172879,121690,87894,180326,125376,221136,130180,118837,117395,118767,186085,177194,161107,204408,139796,74283
3/31/2003,190823,105652,87183,160108,314105,236934,244382,310602,185380,157371,151114,309796,106764,143817,182247,107118,102764,102519,118709,322854,214503,156937,139576,191137,119071,92325,144102,111889,216034,273786,219079,174578,122022,88150,181164,126185,224742,130564,119214,117618,118751,186040,178697,162118,205502,140601,74565
4/30/2003,191201,106045,87492,160881,317946,237207,246662,314605,187013,158901,151436,313512,107073,144267,183405,107371,102403,102832,118793,326274,216860,158071,139970,192343,119712,92683,144334,112304,218142,276972,220311,176170,122381,88450,181935,126993,228200,130920,119472,117890,118790,186138,180222,163022,206542,141331,74945
5/31/2003,192067,106335,87836,161594,321921,237245,249066,318681,188531,160367,151719,317780,107329,144690,184374,107544,102387,103134,118756,329600,219205,159448,140428,193596,120320,92947,144574,112731,220425,280117,221694,177682,122737,88729,182680,127889,231775,131216,119338,118161,118923,186343,181709,163933,207680,142105,75281
6/30/2003,193336,106565,88179,162259,325355,237260,251333,322717,189948,161746,151981,321470,107567,145144,185300,107726,102735,103412,118835,332690,221531,160821,140986,194733,120934,93158,144773,113141,222448,283315,223230,179008,123139,88983,183454,128847,235379,131555,119527,118452,119161,186667,183177,164914,208683,142853,75619
7/31/2003,195242,106755,88550,162812,329130,237352,253613,326401,191474,163079,152269,324980,107903,145343,186172,107886,103554,103660,119070,335185,223896,162343,141499,196004,121501,93218,145000,113612,224692,286559,225087,180352,123544,89222,184281,129772,239238,131929,119773,118710,119385,186859,184710,166128,209746,143659,75903
8/31/2003,196834,107023,88903,163471,333293,237603,255747,330366,193096,164418,152603,328760,108322,145541,187268,108120,104192,103935,119628,337663,226233,164366,141968,197303,122132,93400,145265,114082,226695,289696,227399,181912,124017,89471,185298,130640,242491,132368,120436,118987,119663,186942,186304,168114,210956,144664,76118
9/30/2003,198468,107312,89296,164392,338149,237981,258243,334060,194955,165934,152927,333040,108802,145900,188539,108398,104610,104257,120150,340060,228814,166617,142474,198674,122766,93528,145541,114666,228947,292576,230691,183597,124482,89715,186370,131529,245397,132800,121230,119269,119900,187079,188023,170314,212343,145737,76345
10/31/2003,199983,107539,89671,165418,343005,238285,260072,338039,196601,167628,153232,339022,109275,146245,189781,108664,104915,104584,120739,342440,231692,169032,143015,199954,123415,93735,145795,115206,231207,295191,234474,185343,124936,89941,187627,132481,248271,133239,122201,119571,120211,187348,190060,172554,213794,146887,76518
11/30/2003,201317,107733,90039,166443,348212,238806,262194,341015,197999,169464,153558,345328,109725,146620,190953,108916,104895,104886,121092,344834,234695,170666,143504,201256,123978,93907,146053,115764,233174,297802,238853,186804,125298,90177,188791,133382,251700,133654,122908,119881,120486,187666,192213,173794,215091,147727,76836
12/31/2003,202471,107919,90413,167463,353405,239314,264427,344384,199019,171251,153958,350837,110122,147247,191985,109152,105125,105176,121475,347408,237563,172315,143972,202510,124576,94153,146366,116243,234804,300571,243177,188161,125655,90426,190010,134247,255425,134100,123426,120195,120803,188078,194433,174904,216499,148506,77215
1/31/2004,202844,108194,90813,168686,359383,239830,267097,349405,200513,173088,154360,356624,110528,147892,193207,109313,105218,105452,121947,350244,240435,173659,144403,203673,125157,94500,146751,116712,236507,303556,248077,189616,125975,90711,191164,135067,258911,134563,123633,120572,121374,188473,196589,176024,218075,149404,77687
2/29/2004,204155,108485,91258,169867,365752,240339,269751,354111,202299,174958,154780,362637,110874,148624,194378,109432,105520,105726,122530,353010,243611,175544,144810,204928,125669,94829,147140,117217,238480,306713,252542,191086,126342,91004,192489,136176,262573,135045,123999,120940,122408,188855,199018,177748,219808,150515,78146
3/31/2004,205315,108840,91733,171236,372532,240756,272021,359112,204225,176902,155185,369164,111281,149358,195591,109643,106055,105936,123214,355688,246839,177537,145290,206275,126123,95144,147513,117695,240504,310145,258450,192420,126719,91267,193870,137271,265973,135546,124609,121340,123762,189216,201656,179429,221468,151589,78720
4/30/2004,207038,109159,92232,172557,379473,241297,274517,362916,206306,178829,155645,375737,111650,150023,196866,109935,106920,106107,123850,358406,250198,179790,145688,207749,126526,95380,147872,118187,242562,313543,263731,193818,127083,91515,195225,138404,269221,136048,125237,121732,124902,189475,204459,181138,223180,152662,79234
5/31/2004,208325,109552,92665,174172,387253,241849,277075,368441,208390,180983,156084,382336,111991,150687,198246,110322,107635,106312,124387,361174,253628,182319,146090,209099,126992,95674,148194,118656,244830,317282,271272,195383,127447,91771,196731,139537,272740,136668,126155,122114,125747,189621,207503,183364,225168,153824,79644
6/30/2004,209940,110002,93101,175624,396069,242509,280016,374536,211243,183394,156483,390485,112283,151233,199813,110589,108280,106576,124938,364104,257470,184998,146466,210574,127475,95907,148555,119183,247282,320990,279430,197180,127780,92046,198240,140707,276820,137294,127028,122491,126241,189706,210916,185735,227317,155071,79981
7/31/2004,211223,110512,93502,177542,404756,243120,282915,381558,214109,186071,156892,399017,112549,151958,201263,110867,108576,106898,125421,367433,261486,187686,146917,211976,128043,96289,148883,119721,249507,324933,288654,199022,128136,92325,199971,142021,281010,137932,128098,122882,126837,189773,214682,187900,229363,156391,80437
8/31/2004,212583,110973,93998,179865,412851,243715,285704,387486,216949,188991,157356,407404,112861,152499,202632,111214,109005,107190,126097,370815,265930,189316,147335,213356,128529,96596,149223,120226,251567,328860,296060,200732,128416,92648,201588,143240,284647,138512,128824,123304,127383,189870,218693,189053,231177,157368,81067
9/30/2004,214092,111404,94480,182168,420549,244102,288353,394537,219353,192011,157858,414272,113203,152998,203765,111564,109897,107466,126696,374300,270622,190618,147709,214589,128948,97026,149613,120542,253349,332843,302013,202447,128708,93013,203328,144554,287685,139190,129361,123764,128050,189985,222661,190096,233104,158324,81679
10/31/2004,215697,111858,94985,184864,428233,244582,291335,403115,221952,195075,158397,421133,113601,153704,204987,111946,110984,107814,127259,377253,275146,191768,148076,215760,129319,97359,150052,120831,255129,336893,306977,204072,128985,93426,205135,145752,291051,139943,129833,124265,128659,190171,226331,191423,235276,159193,82269
11/30/2004,217394,112388,95451,187789,435489,245025,294418,411909,225490,198133,158898,428001,113953,154683,206369,112298,112061,108141,127814,380051,279814,193820,148450,216809,129786,97751,150565,121117,257159,340903,311820,205940,129312,93751,207192,147125,294432,140772,130556,124791,129249,190285,229721,193404,237822,160298,82800
12/31/2004,218934,112952,95951,191858,442890,245709,297449,418486,229822,201409,159361,436503,114382,156020,207892,112691,112488,108498,128329,382657,284336,195812,148818,217895,130303,98160,151072,121580,259351,344861,317086,207718,129637,94086,209199,148505,298019,141574,131323,125345,129828,190417,233302,195579,240757,161426,83328
1/31/2005,220848,113440,96601,196567,449739,246439,300032,421820,233157,204904,159769,443280,114808,157296,209231,113581,113008,108873,128621,385244,289297,198434,149207,219220,130858,98540,151497,122027,261523,348838,321786,209541,130026,94451,211296,149991,301836,142389,132161,125942,130454,190680,237095,197774,243818,162234,83900
2/28/2005,222664,113811,97292,201443,457139,247094,302794,427860,235436,208625,160165,450923,115295,158770,210579,114567,113478,109285,128838,388301,293892,200803,149523,220596,131398,99012,151995,122436,263752,352488,328452,211375,130408,94794,213662,151152,305019,143113,132881,126582,130858,191197,240695,199711,246504,162868,84553
3/31/2005,224555,114069,98006,206082,464344,247730,305538,435060,237347,212547,160587,458978,115729,160363,211902,115635,113984,109779,128998,391023,298400,203057,149879,221777,131965,99470,152454,122863,265909,356032,333698,213129,130790,95108,216326,152346,307660,143983,133684,127259,131109,191829,244321,201613,249385,163545,85087
4/30/2005,226296,114350,98647,211327,471988,248350,308402,443932,239674,216751,161100,469038,116267,161578,213354,116203,114321,110286,129576,393641,303179,204622,150228,223002,132554,99984,153048,123280,268149,359781,340754,215003,131128,95399,219445,153586,310294,144838,134581,127944,131287,192536,248223,203986,252433,164549,85656
5/31/2005,228170,114717,99294,217610,478707,248989,311121,450154,242861,221263,161715,480003,116949,163018,214798,116704,114786,110792,130353,395658,308287,205812,150637,224250,133197,100513,153625,123730,269816,363718,343993,216840,131421,95748,222547,154929,312783,145687,135393,128659,131544,193234,252713,205861,255823,165677,86198
6/30/2005,229560,115164,99941,225562,484944,249558,314055,456652,245115,226186,162379,491008,117729,164580,216298,117201,114885,111240,131309,397140,313904,206889,150930,225401,133812,101190,154326,124133,271235,367877,347129,218638,131721,96075,225842,156331,315025,146498,136117,129403,131938,193845,257041,207595,259721,166836,86870
7/31/2005,231082,115671,100611,234171,491285,250158,316950,464077,247269,231567,162992,502115,118505,166878,217814,117731,115078,111658,132337,398445,319621,207994,151158,226395,134383,101872,155068,124523,272636,371959,348523,220463,131986,96398,229317,157744,316799,147404,136646,130212,132265,194475,261084,209256,263996,167962,87525
8/31/2005,232643,116165,101203,242539,497864,250736,320123,472830,249332,237066,163546,512816,119129,169635,219283,118146,115174,112062,133376,399357,325340,209112,151385,227192,134969,102571,155850,124910,274070,376123,351825,222316,132292,96707,233257,159329,319252,148384,137414,131013,132606,195231,264728,211405,268737,169065,87877
9/30/2005,234433,116739,101817,251317,504675,251470,323225,480405,252215,242532,164133,523288,119643,172420,220936,118497,115474,112401,134451,400660,330364,210218,151659,228177,135561,103214,156617,125310,275586,380154,355043,224298,132571,97054,237689,160847,322169,149361,138253,131828,132888,196252,268517,213746,273238,169972,88208
10/31/2005,236321,117416,102465,258568,511129,252312,326385,485924,255185,247686,164712,532493,119988,175793,222544,118755,115492,112642,135643,401879,335505,211032,151879,229016,136149,103945,157439,125713,277079,384293,358040,226248,132870,97354,241928,162317,324695,150312,139110,132586,133072,197499,272041,215748,277479,170698,88442
11/30/2005,238220,118288,103218,265839,516383,253149,329172,491612,257595,252674,165357,540860,120348,178187,224028,119021,115451,112926,136805,402900,339917,211771,152058,230000,136676,104625,158244,126068,278449,388410,360471,228029,133189,97714,245961,163679,326562,151277,139576,133376,133374,198981,275484,217458,281748,171343,88929
12/31/2005,240274,119186,103904,270623,521055,253802,331451,498017,259567,257442,165920,549352,120644,179767,225378,119229,115751,113249,138095,403004,344797,212417,152204,230646,137174,105194,159052,126324,279764,392424,361754,229839,133491,98057,250121,165005,327666,152294,139944,134177,133606,200612,278385,219018,285779,171915,89397
1/31/2006,242290,120160,104462,273651,524938,254432,333373,505027,262178,261874,166562,558778,120948,181035,226624,119199,116166,113595,139515,402756,348536,212781,152342,231095,137616,105754,159837,126629,280753,395723,363411,231411,133722,98433,254298,166189,328242,153254,140226,134954,133969,202182,281085,220241,289482,172450,89866
2/28/2006,243692,121008,104933,277503,528223,254939,334450,509075,265086,265818,167164,567757,121231,182842,227914,119151,116684,113877,140947,401677,352430,212788,152475,231367,138024,106475,160618,126970,280873,398712,363508,232870,133861,98871,257975,167266,329022,154392,140658,135709,134373,203909,283627,221583,293310,173052,89934
3/31/2006,244933,121951,105403,281658,531349,255326,336189,512689,267904,269718,167739,574058,121548,185059,228995,119011,116981,114159,142366,400746,356119,212766,152507,231646,138390,107382,161429,127306,280592,401244,364966,234174,133985,99401,261398,168253,330084,155365,141130,136393,134828,205820,286014,223318,296795,173550,89923
4/30/2006,246025,122819,105871,285679,533672,255496,337580,515347,269957,273570,168191,579257,121818,187876,230046,119138,117295,114492,143489,399621,359856,212797,152434,231839,138785,108380,162232,127600,280574,403749,365661,235357,134105,99873,264661,169243,331478,156467,141556,137079,135267,208144,287811,224883,300461,173938,89825
5/31/2006,247518,123749,106382,287206,536250,255798,339178,518580,271334,276994,168598,581817,122072,190541,230911,119329,117494,114784,144443,398626,363245,213040,152234,231900,139119,109072,163091,127862,280841,405900,366950,236386,134222,100248,268216,170239,331735,157461,142054,137737,135786,210606,288936,226483,303893,174110,90109
6/30/2006,249137,124598,106880,287267,537597,256028,339673,520012,272595,279563,169064,583729,122309,193735,231673,119647,117880,115038,145253,397506,365658,213240,151932,231982,139463,109810,163906,128184,281046,407767,366975,237396,134294,100562,272016,171254,331751,158581,142447,138422,136318,213482,289695,227839,307096,174161,90382
7/31/2006,250750,125424,107350,286158,538084,256155,340047,519651,274053,281089,169594,585641,122587,195609,232240,119974,118302,115208,145972,395603,367763,213412,151680,231959,139783,110403,164768,128351,280587,408956,366824,238242,134363,100890,275400,172075,330704,159626,142984,139105,136863,216826,290533,229395,310060,174179,90602
8/31/2006,252548,126271,107759,284638,537735,256325,339879,519342,275477,281980,170118,587281,122846,197262,232861,120312,118787,115377,146626,393542,369010,213595,151309,231856,140086,111207,165614,128410,280104,409340,365805,238958,134382,101218,278402,172749,329521,160579,143224,139821,137334,220357,291110,231028,312562,174260,90855
9/30/2006,254164,126991,108153,282394,536254,256362,339492,518915,276522,282097,170580,589987,123112,198707,233290,120682,118977,115628,147210,390856,369949,213793,150943,231452,140407,111929,166456,128502,279397,409267,364855,239360,134320,101494,280077,173265,327443,161395,143488,140504,137839,223879,291067,232288,314927,174469,91280
10/31/2006,255588,127618,108427,281105,534509,256261,338652,517555,277364,281922,170997,590505,123402,198312,233654,121040,119284,115876,147737,388573,370267,214064,150412,231144,140735,112668,167220,128800,278387,408598,363246,239655,134248,101808,281668,173757,325557,162114,143555,141174,138499,227086,290749,233416,317218,174714,91818
11/30/2006,256766,127946,108660,279329,532985,256065,337814,515201,277589,281468,171393,592038,123686,198963,233874,121255,119673,116147,148340,386133,370989,214155,149860,230786,141109,113287,167912,129123,277308,407764,362138,239827,134159,102124,283136,174138,323361,162718,143917,141786,139062,230068,290445,234474,319029,174940,92080
12/31/2006,258048,128263,108857,278082,531491,256131,337129,513851,277848,280584,171854,591799,123933,199491,234209,121443,120162,116313,148865,384209,371193,214054,149160,230717,141388,113906,168588,129347,276107,406466,361287,239991,134068,102451,284633,174488,321799,163241,144372,142341,139641,232757,290439,235456,320433,175071,92139
1/31/2007,259258,128486,109053,277085,529994,256245,337341,514202,277574,279543,172304,592188,124131,201269,234685,121512,120528,116445,149346,382825,371430,213814,148431,230683,141584,114431,169307,129494,275024,405104,360596,240094,133977,102734,285892,174902,320205,163727,144916,142818,140042,235743,290347,236284,321549,175459,92013
2/28/2007,260449,129018,109218,276082,527973,256228,337701,516045,277680,278294,172728,591696,124403,201324,235251,121632,120775,116555,149836,381878,371143,213456,147764,230741,141661,114774,169937,129619,273926,403961,359785,240229,133934,102933,286997,175375,319176,164130,145291,143245,140338,238691,290325,237169,322854,175716,92114
3/31/2007,261335,129542,109308,275322,525732,256235,337843,517191,277521,276781,173129,591689,124713,201317,235109,121682,121056,116604,150375,381181,371135,213040,147128,230566,141721,114908,170580,129651,273419,403467,357882,240407,133765,103153,288286,175890,318014,164529,145601,143686,140543,241844,290251,237495,324542,176066,92305
4/30/2007,262410,130139,109425,274663,523419,256394,337189,518010,277723,274745,173458,590877,125025,201434,234983,121835,121377,116637,150895,380040,370838,212924,146546,230110,141774,115082,171187,129631,272445,403295,354335,240454,133533,103343,289666,176238,316389,164772,145961,144105,140861,244669,290302,237884,326511,176107,92595
5/31/2007,263371,130367,109462,273619,519925,256687,336154,518655,278040,272357,173674,589901,125113,202111,234199,121865,121691,116690,151229,378571,370496,212874,145729,229322,141788,115596,171840,129490,271967,402854,350573,240615,133233,103576,290841,176541,315230,165018,146269,144490,141221,247566,289833,238176,327964,176073,92680
6/30/2007,264387,130480,109528,271823,516141,256966,334955,519003,279006,269468,173725,589241,125132,202094,233985,121830,121972,116781,151513,376796,369757,212732,144970,228286,141781,115924,172480,129125,271141,401566,347072,240659,132971,103793,291257,176688,313125,165141,146658,144810,141638,250481,288895,238749,328700,175876,92681
7/31/2007,265250,130455,109567,269666,511537,257230,333823,519959,279391,266253,173660,588763,125094,202339,233194,121730,122218,116875,151765,375217,368892,212079,143975,227131,141754,116196,173026,128941,270714,399817,343649,240789,132644,104107,291294,176987,312131,165309,146885,145065,141937,253034,287505,239185,328641,175557,92642
8/31/2007,265882,130558,109744,267814,506692,257228,333006,520382,279499,262892,173532,589392,125181,202424,232857,121707,122468,116947,152068,373789,367871,212079,143257,226298,141717,116267,173520,128878,270096,397946,339690,240868,132323,104387,290980,177248,310662,165463,147292,145249,142407,255430,286388,239166,328654,175324,92701
9/30/2007,266569,130630,109821,265517,500933,256836,332534,520429,278923,259645,173260,589369,125262,202540,232049,121680,122670,116972,152356,372601,366944,211987,142162,225534,141584,116418,173886,128927,269356,396262,335113,240880,132098,104597,290924,177457,309763,165586,147599,145301,142857,256940,285482,239443,328431,175142,93000
10/31/2007,267262,130708,109930,262876,494203,256186,331969,520717,278560,256325,172948,589872,125415,203177,231540,121653,122843,117034,152548,371000,365308,212151,141045,224838,141324,116463,174158,128607,268659,394758,330399,241085,131842,104707,290556,177585,308430,165552,148059,145240,143253,258190,284595,239921,327467,175169,93317
11/30/2007,267979,130676,109886,258864,487376,255412,330982,520385,277902,252792,172568,589456,125537,203522,230839,121781,122981,117028,152778,369444,362423,211588,139742,223706,140952,116433,174419,128352,267379,393219,324315,241298,131442,104868,289838,177732,307618,165574,148476,145059,143518,259143,283412,240598,326032,175188,93639
12/31/2007,268547,130639,109890,255221,479760,254487,329634,519251,276810,249122,172240,588948,125706,204159,229995,121994,123031,117015,152899,367733,359217,211462,138750,222181,140577,116261,174641,128110,266049,391454,317387,241300,131035,105026,288789,177854,306650,165518,148930,144820,143749,260237,281727,241127,324596,175171,93752
1/31/2008,269046,130457,109837,251231,472152,253345,327178,516889,275218,245095,171627,587314,125919,204259,229127,122164,123119,116941,153014,365583,356510,211316,137805,220418,140282,116236,174812,127803,264232,389600,308937,241245,130663,105106,287201,177806,305283,165571,149354,144440,143549,260913,279888,242063,323199,175156,93792
2/29/2008,269135,130215,109857,246161,462702,252245,324451,513817,273642,240932,170847,585695,125969,205065,226935,122162,123139,116868,152877,363179,354324,211163,136637,218363,140103,116074,174835,127279,262992,387631,299317,240901,130276,105251,286139,177649,302852,165444,149730,144028,143151,260745,277781,242137,321735,174629,93841
3/31/2008,269502,129911,109869,240719,451945,251131,321370,511019,272884,236386,169838,585091,125836,205142,226181,122077,123201,116803,152662,360515,351706,210787,135198,216582,139860,115926,174774,126701,261308,385080,289783,240580,129928,105161,284483,177298,300452,165165,149973,143626,142595,259687,275366,242199,319973,173844,93795
4/30/2008,269514,129679,109866,234332,440217,250128,319005,508091,272095,232045,168998,584028,125577,204583,223786,121857,123121,116618,152378,358045,348456,209747,133430,214813,139439,115473,174628,126273,260249,381856,281938,240012,129496,105211,282794,176959,297673,164874,150121,143352,142251,257871,272642,241523,317659,172745,93812
5/31/2008,269829,129556,109739,230052,428669,248987,317197,504885,270994,227418,168161,584727,125453,202851,223051,121668,123134,116457,152309,355720,344254,208754,131743,213161,139008,114873,174400,125904,258030,378169,275727,239275,129090,105179,280398,176497,294645,164625,150253,143132,141864,255936,269970,241044,314783,171981,93788
6/30/2008,269881,129528,109494,225406,417992,247980,315709,501657,268854,223197,167256,583735,125373,201208,220359,121476,123133,116302,152240,353685,339576,207424,130033,211537,138612,114331,174030,125770,255802,374900,268843,238403,128624,105317,278151,176021,291705,164424,150423,142850,141491,253652,267866,240466,311769,171437,93811
7/31/2008,270016,129475,109277,220847,407293,246963,314091,498142,266688,218858,166175,579825,125289,199765,219096,121346,123103,116285,152247,351741,334553,206667,128336,209877,138246,113817,173578,125652,253431,372029,261680,237377,128252,105297,276014,175338,288347,163904,150640,142454,141201,251353,265755,239871,308915,170997,93878
8/31/2008,270206,129204,108995,215193,397252,246097,311708,494051,264381,214528,164960,573532,125194,198330,216407,121114,123109,116293,152250,349748,329920,205272,126370,207976,137815,113427,173150,125526,251306,369405,253860,236390,127840,105240,273628,174631,284927,163237,150861,141924,140796,248796,263451,239765,305825,170414,93854
9/30/2008,270171,128924,108796,210110,388117,245504,308908,491199,262554,210233,163793,567793,125159,196866,214791,120839,123097,116307,152236,347328,325599,204177,124629,206066,137424,112996,172686,125164,249369,366634,246072,235347,127350,105236,271155,173993,281348,162572,151138,141390,140300,246755,261118,239430,302648,169743,93413
10/31/2008,270281,128478,108531,205636,379950,244992,306167,489313,260355,205844,162492,565090,125068,195394,212180,120611,123076,116249,152190,344883,321696,202985,123190,204133,137058,112665,172179,124778,247283,363519,238265,234051,126723,105360,268572,173439,277786,162046,151390,140900,139759,244765,259160,238889,299675,168782,92872
11/30/2008,270161,128173,108292,201572,370935,244315,303995,486948,258825,201310,160915,561738,124962,193630,210027,120298,122873,116150,151853,342272,318603,202329,121811,202410,136483,112427,171490,124350,245784,360087,230147,232665,126212,105320,266108,172809,274019,161262,151603,140430,139189,242782,257327,238204,296737,167734,92428
12/31/2008,269793,127675,107955,197212,362133,243457,302185,482610,257340,196938,158978,557314,124819,191450,207015,119823,122699,116021,151682,339623,315428,201076,120059,200770,135825,112252,170736,123861,244071,356868,223418,231396,125591,105221,263442,172068,269962,160475,151638,139940,138638,240480,255494,237568,293747,166687,92329
1/31/2009,269350,127277,107569,193530,353972,242576,300530,479696,256276,192838,157191,552452,124566,189091,203959,119433,122443,115975,151478,337025,311840,199553,117891,199097,135189,111854,169928,123426,242937,354152,216527,230199,124887,105090,261273,171286,265787,159505,151653,139529,138344,237841,253444,237007,291239,165098,92443
2/28/2009,269926,126688,107083,190701,348860,241968,299116,478320,254828,189171,155508,545805,124306,186499,201659,119041,122407,115945,151515,334471,307784,198058,115864,197459,134715,111461,169346,123222,241532,351498,211426,229134,124043,104887,258588,170701,262111,158736,151545,139157,138328,235465,251582,236696,288346,164071,92396
3/31/2009,270590,126153,106572,187587,344372,241473,297172,477017,252939,185653,153944,540354,124066,184156,199125,118801,122318,115830,151443,332145,303541,196418,113905,195313,134236,111121,168757,123456,240413,348913,206105,228053,123290,104793,255874,170222,258505,158107,151431,138690,138397,233103,249814,236313,285200,163081,92311
4/30/2009,271093,125470,106063,184297,340300,241070,294962,473085,251136,182082,152074,534663,123955,181666,197324,118479,122423,115675,151539,330056,299494,195051,112232,193448,133714,110942,168045,123482,238512,346080,200935,227102,122726,104639,252790,169797,256317,157394,151169,138006,138279,231261,248200,236047,280908,162814,91949
5/31/2009,270524,124864,105708,180376,336638,240766,292109,467962,249163,178904,150246,529786,123872,179534,194890,118239,122352,115437,151452,328676,295860,193115,110581,191913,133138,110740,167163,123639,237023,343597,194561,226177,122271,104644,250312,169340,254561,156475,150873,137194,138123,229203,246837,235797,277434,162145,91589
6/30/2009,270101,124204,105464,177475,334047,240450,289431,464307,247662,175949,148570,523684,123807,177841,193053,117972,122357,115268,151339,327594,293291,192113,109025,190953,132572,110484,166324,123694,235905,341308,188316,225264,121837,104672,247937,168961,253185,155466,150497,136460,137984,227451,245614,235398,274711,161558,91180
7/31/2009,269552,123674,105244,175487,332771,240126,287157,461187,246437,173705,147315,519992,123779,176157,191585,117646,122381,115041,151140,327075,291187,191184,107830,190266,132033,110306,165656,123964,234965,339349,182580,224475,121378,104784,245695,168717,251697,154731,150095,135851,137954,225910,244872,234677,273148,160926,90771
8/31/2009,268937,123157,104947,173733,331922,239844,285910,459024,245883,171677,146257,517858,123701,174471,190385,117355,122447,114826,150838,326718,289667,190918,106758,189882,131655,110040,164934,124204,233906,337764,178504,223813,120944,104917,244032,168493,250672,154209,149658,135432,137874,224576,244233,233617,271843,160603,90408
9/30/2009,268448,122658,104664,172308,331356,239653,285027,456708,245351,169846,145295,515447,123605,172733,188823,117157,122512,114569,150543,327099,287960,190302,105913,189526,131309,109788,164325,124628,232654,336537,175396,223434,120603,105025,242978,168356,250322,153739,149278,135116,137823,223110,243628,232768,270710,160317,89972
10/31/2009,267921,122245,104418,170257,331407,239596,284603,454282,245148,168348,144281,511219,123537,171269,187587,116996,122560,114384,150249,327627,286624,189675,104878,189083,131099,109488,163822,125157,231854,335854,173144,223316,120426,105108,242245,168314,250386,153303,148933,134897,137754,221776,242917,232119,270074,160075,89611
11/30/2009,268058,121935,104364,169778,332974,239787,283713,455134,244670,167481,143497,507657,123485,170088,186492,116948,122667,114310,150250,328438,285495,189051,104106,188594,131171,109195,163521,125604,231483,335448,171278,223312,120248,105383,241482,168473,250782,153025,148615,134704,137964,220876,242558,231525,269735,159780,89203
12/31/2009,268324,121738,104383,169479,335000,240115,282766,457752,244119,166736,142946,507290,123447,169357,186334,116960,122716,114355,150226,329225,284806,188917,103446,188541,131374,108874,163187,126077,231453,335297,169128,223324,120160,105599,240909,168696,250903,152845,148473,134593,138135,220235,242460,231009,269352,159507,88966
1/31/2010,268908,121587,104497,169217,336545,240597,281435,460148,243680,166126,142376,508305,123448,168257,185771,116944,122741,114400,150465,330333,284378,188594,103208,188558,131382,108645,162882,126514,231330,334775,168355,223181,120068,105827,240140,169007,251819,152755,148429,134562,138231,219608,242713,230524,268018,159628,88774
2/28/2010,268762,121428,104557,167967,336433,240975,280443,459501,243447,165416,141754,512163,123544,167450,185478,117001,122578,114410,150645,331786,283461,188319,102853,188827,131086,108522,162424,126832,230716,334246,167438,223147,120156,105962,239510,169210,252484,152563,148512,134479,138216,218964,242855,230279,266686,159831,88732
3/31/2010,268728,121041,104594,166826,337328,241231,280324,457986,243207,164942,141162,513145,123779,166199,184146,116958,122597,114474,150905,332982,282562,188399,102658,189185,130938,108369,162031,126713,230048,333547,166832,223064,120098,106198,239253,169413,253377,152248,148647,134454,138236,218292,243107,230324,265611,160042,88872
4/30/2010,268927,120628,104597,166507,338599,241137,280714,459169,242675,164495,140917,516149,123957,165542,184057,117042,122566,114571,150848,333923,281910,189134,102552,189513,130980,108185,161799,126987,229506,333177,165598,223270,120038,106439,238889,169556,252992,152042,148926,134403,138336,217763,243377,230441,265886,159995,89066
5/31/2010,269549,120129,104615,165781,340412,240773,281123,462953,242323,163981,140740,516540,124040,164822,183008,116995,122564,114678,150871,334081,281946,189931,102600,189639,131005,107965,161673,126954,229375,332795,164453,223391,119862,106609,237953,169624,252610,151982,149227,134429,138367,217050,243579,230565,266302,159836,89227
6/30/2010,269770,119689,104528,164890,340074,240101,281154,466013,241966,163205,140380,520437,123943,163292,183097,116961,122402,114630,150805,333989,281521,189603,102646,189119,130738,107800,161448,126818,229109,332311,164205,223694,119660,106546,236539,169572,252173,151842,149393,134327,138254,215997,243357,230617,265616,159326,89309
7/31/2010,269966,119113,104297,162626,338914,239336,280638,466851,241291,162095,139461,522417,123730,161265,181034,116798,122102,114504,150655,333210,280745,188675,102264,188275,130268,107460,160941,125983,229137,331573,163680,223736,119232,106265,235003,169299,252118,151452,149484,134140,137793,214384,242593,231017,263643,158669,89346
8/31/2010,270268,118561,104062,161007,337359,238418,279701,467066,240049,160777,138223,524748,123465,159287,179965,116505,121644,114332,150404,332309,279117,187631,101721,186777,129660,107121,160367,125156,229178,330297,162998,223462,118737,105932,233210,168872,251713,150951,149530,133810,137269,212395,241706,231452,261005,157527,89391
9/30/2010,270528,118076,103704,158820,336141,237420,278496,465675,238803,159360,136713,526044,123126,157460,178238,116064,121168,114190,150249,330902,277559,187037,100918,185104,128924,106748,159706,124344,229477,328517,161441,222878,118171,105575,230930,168196,250605,150379,149523,133416,136741,210926,240941,231676,258765,156163,89329
10/31/2010,270525,117669,103371,157344,334489,236482,276713,464982,237284,157847,135406,527267,122742,155667,177304,115606,120825,114033,150094,329706,275742,186416,100207,183436,128174,106454,159095,123644,229075,326354,159908,222057,117603,105273,228805,167392,249134,149743,149457,132973,136315,209474,240264,231845,256254,154930,89196
11/30/2010,270063,117149,102911,155205,332206,235553,274632,462053,235660,156181,134025,529495,122356,153841,175453,115142,120526,113671,149874,328512,273631,185687,99422,182065,127315,106172,158431,123010,228196,324347,158951,221343,116982,104819,227096,166478,247701,149094,149363,132537,135804,207838,239344,231837,253813,153774,89001
12/31/2010,269812,116542,102505,153140,330232,234653,272579,461078,234333,154598,132883,529151,121962,152087,173877,114786,120220,113232,149494,327690,271441,184795,98807,180391,126507,106026,157823,122612,227196,322344,157998,220586,116316,104504,225466,165632,246805,148230,149221,132050,135379,205656,238432,231919,251417,152887,88831
1/31/2011,269135,115789,102102,151020,328546,233749,271451,458101,232846,152981,131652,528742,121685,150662,172305,114477,119893,112670,148735,326666,269503,184778,98109,178825,125731,105938,157133,122428,226417,320382,156153,220107,115759,104230,223762,164835,245493,147249,149016,131419,134970,203939,237460,231644,249538,151932,88617
2/28/2011,268582,115158,101814,149376,327102,232791,270499,457470,231560,151478,130638,526634,121360,149119,171104,114112,119621,112146,147937,325141,268415,185124,97576,177029,125088,105803,156449,122371,226238,318205,153993,219602,115178,104074,221708,164085,244536,146145,148767,130867,134447,202321,236464,231394,248159,150963,88389
3/31/2011,267492,114697,101581,148326,324903,231883,268889,456101,229670,149897,129335,525883,120999,147952,169984,113766,119112,111625,147053,323207,267614,185417,96900,175548,124227,105628,155646,122207,225789,315921,151882,219154,114687,103790,219313,163346,243090,145304,148595,130277,133877,201239,235416,231052,246260,149891,88020
4/30/2011,266545,114397,101331,146518,322667,231085,266927,456418,227992,148467,127898,523273,120617,146277,168158,113329,118514,111196,146472,321385,266529,184754,96209,173863,123266,105403,154708,121606,225304,313744,150248,218371,114045,103414,216988,162515,241705,144477,148360,129841,133306,199793,234526,230942,243961,148678,87758
5/31/2011,265900,114130,100973,144806,319605,230151,264960,455028,225935,147105,126255,522080,120272,144869,166889,112949,118078,110853,145954,319742,264933,184106,95484,172203,122345,105254,153865,121229,224064,311489,149136,217572,113439,102993,215087,161707,239832,143746,148147,129364,132844,198667,233746,230656,240564,147468,87588
6/30/2011,266036,113861,100716,142847,317788,229460,263833,453381,224287,146032,124803,520571,120050,144104,165087,112624,117749,110601,145645,318634,263474,183739,94803,170698,121723,105066,153202,120990,222859,309337,147304,216581,112868,102703,213895,160894,238341,143098,148158,129025,132419,197539,233235,230511,238013,146532,87584
7/31/2011,266375,113595,100623,141970,316373,228807,262617,452429,223081,145052,123703,519831,119930,144003,164678,112512,117542,110398,145504,317694,262055,183790,94324,169450,121350,105058,152720,121154,221207,307116,146046,215816,112521,102647,213064,160273,236680,142683,148221,128704,132236,197014,232869,230297,235820,145669,87545
8/31/2011,266663,113351,100632,141405,314990,228664,261126,451198,222187,144376,123058,518055,119935,143805,163628,112590,117340,110245,145442,316937,260923,183635,94130,168691,120999,105024,152212,121366,220225,305328,144113,215262,112244,102692,212317,159853,235160,142261,148351,128446,132212,196963,232744,230123,234439,145248,87497
9/30/2011,266693,113033,100691,141173,313364,228659,259448,451075,221011,143858,122781,516130,119997,143680,163113,112721,117226,110058,145324,315958,259734,183430,94154,168084,120742,105052,151805,121440,219366,303754,143309,214895,111982,102850,211762,159640,233703,141785,148346,128171,132307,196382,232395,230038,232840,144981,87524
10/31/2011,266897,112693,100777,141232,311558,228734,257749,449670,219766,143566,122534,515326,120041,143722,161408,112774,116984,109876,145277,314573,259064,183183,94203,167486,120416,104949,151279,121642,219083,302230,142523,214639,111668,102855,210940,159446,232395,141293,148445,127877,132330,195798,231905,230064,231377,144788,87595
11/30/2011,267010,112273,100848,141304,310848,228850,256594,448764,218822,143374,122243,512970,120116,144061,160547,112768,116733,109852,145194,313030,258547,182822,94196,166772,120113,104869,150785,121732,218562,300373,141868,214236,111402,102834,210068,159204,230586,140854,148591,127622,132205,195265,231335,230345,229938,144581,87722
12/31/2011,267404,112011,100874,142275,309701,229047,255279,446689,217765,143227,121600,512487,120194,144280,159140,112646,116498,109868,145100,311611,258116,182420,94189,166157,119717,104706,150298,121665,217979,298478,141334,213895,111193,102711,209078,158907,229017,140736,148713,127411,132038,195595,231049,230346,228781,144245,87783
1/31/2012,268014,111955,100874,142986,309011,229348,253872,449523,216673,143193,121124,511724,120139,144436,158415,112501,116470,109956,145101,310583,257334,181753,94232,165718,119385,104535,149945,121175,217435,296824,141191,213505,110930,102614,208424,158576,227871,140792,148762,127340,132012,195842,230800,230274,228067,143915,87819
2/29/2012,268810,111936,100912,144297,308505,229708,252399,452373,215165,143220,120633,512238,120070,144927,156937,112394,116551,110025,145087,309501,256650,180925,94250,165656,119183,104370,149682,120613,216853,295730,141115,213038,110645,102609,208063,158254,226610,141023,148866,127263,132250,196335,230926,230095,227058,143539,87850
3/31/2012,269793,111914,101055,145229,308734,230157,251276,457638,214476,143516,120716,513451,120062,145524,156609,112390,116712,110126,145252,309160,256216,180190,94514,165892,119218,104197,149504,120538,216222,295025,140948,212665,110462,102656,208359,157968,225504,140977,148872,127283,132597,196652,231095,229879,226774,143192,87902
4/30/2012,270730,111738,101308,147496,309491,230952,250057,457912,213821,144001,120915,514526,120197,146866,156162,112460,116864,110253,145464,309152,256178,179985,94820,166465,119426,104136,149528,120817,215717,294248,141194,212386,110381,102826,209025,157806,224618,140948,148976,127307,132897,197380,231376,229753,226652,142950,87934
5/31/2012,271620,111692,101674,150341,311091,232279,248870,458764,213936,144580,121324,516983,120399,148129,156186,112569,116900,110313,145737,309838,256290,180045,95281,166969,119617,104102,149454,121267,216005,293465,141642,212358,110271,103088,209964,157745,224104,140839,149103,127418,133220,198452,231726,229703,227617,142962,87911
6/30/2012,271733,111617,101981,153357,313073,233843,247162,461522,213561,145243,121750,517425,120603,149484,155784,112593,117041,110287,145883,310255,256555,180416,95772,167744,119665,104131,149325,121586,216607,292465,142873,212406,110098,103323,210831,157676,223669,140757,149234,127474,133575,199561,232045,229752,228751,143029,87888
7/31/2012,271692,111640,102201,156039,315441,235509,246106,466752,213096,146026,122265,519367,120872,150815,155193,112574,117155,110261,145830,310756,257129,180834,96412,168574,119604,104130,149199,121997,217599,291651,143864,212515,109961,103483,211657,157570,223699,140558,149459,127616,134002,200563,232450,229801,230184,143233,87932
8/31/2012,271497,111607,102366,158682,318425,236786,245583,473524,211990,146921,122600,519481,121102,152688,154654,112502,117325,110201,145824,311173,257912,181165,97012,169605,119641,104112,149256,122329,217890,290822,145855,212671,109933,103572,212905,157488,223925,140376,149723,127735,134385,201487,232725,229859,231594,143232,87993
9/30/2012,271866,111681,102589,161823,321868,238163,245407,480457,211141,147866,122776,521774,121389,154602,154155,112518,117345,110302,145879,311765,258734,181347,97587,170798,119847,103985,149309,122863,218033,290494,147720,212844,109990,103555,214209,157427,224160,140432,150156,127918,134677,203072,233176,229941,233045,143273,88075
10/31/2012,272498,111765,102787,164600,326111,239555,245721,488420,210284,148882,122994,523395,121787,156381,154499,112658,117426,110393,145948,312965,259339,181575,98296,172260,119975,103870,149414,123139,218104,290557,149714,212937,110050,103622,215986,157456,224455,140621,150594,128068,134960,204968,233930,229821,234773,143175,88143
11/30/2012,273309,111993,103051,167637,330026,241089,246137,496086,209821,149969,123587,527193,122207,157716,155039,112700,117577,110509,145890,314811,260038,182376,99093,173861,120253,103785,149540,123660,218573,291000,151821,213135,110088,103818,217213,157517,225475,140844,150978,128196,135413,207055,234952,229576,236828,143256,88227
12/31/2012,273443,112148,103349,169349,335186,242527,247187,503731,209484,151234,124420,529584,122617,159345,155620,112802,117775,110562,145894,316955,261007,183221,99844,175469,120546,103727,149661,124174,219258,291616,154294,213395,110157,104155,218802,157663,226528,140954,151433,128379,136003,209229,235745,229521,238874,143289,88288
1/31/2013,274000,112312,103684,171595,340267,244180,248200,505197,209390,152732,125466,531755,123063,161288,156276,112895,117856,110699,145971,318546,262386,183920,100616,176900,121111,103670,149825,125248,219769,292269,157337,213694,110357,104457,220487,157856,227051,141006,151971,128604,136692,211314,236531,229724,240485,143502,88430
2/28/2013,274476,112444,103923,172959,346282,245972,248762,505420,209773,154424,126564,533364,123520,162924,157148,113128,117825,110859,146227,321016,263720,184299,101601,177925,121484,103605,149989,126178,220464,292798,160732,214163,110647,104618,223099,158065,227909,141096,152573,128926,137332,213468,237193,229957,242257,143429,88624
3/31/2013,275501,112648,104009,175296,352920,248076,249508,504331,210293,156160,127627,535475,123782,164858,157751,113304,118043,111094,146508,323192,265149,184548,102737,178683,121773,103652,150322,126668,221690,293179,164931,214551,110888,104796,225628,158286,228587,141439,153146,129285,138086,215534,238045,230184,244411,143735,88881
4/30/2013,276241,112843,104038,177193,360321,249888,250691,510534,210833,157919,128622,539558,123887,166195,158653,113533,118328,111212,146704,325523,266536,184426,103938,179459,121854,103590,150670,126758,223043,293591,168841,215135,111155,105039,228287,158584,229721,141824,153652,129692,138928,218087,238796,230150,246902,144266,89094
5/31/2013,277167,112894,104071,179179,367900,251580,252420,519081,210806,159866,129704,541478,123996,167953,159244,113769,118671,111374,146935,327217,268349,184251,105084,181020,122001,103493,151140,126752,224099,294431,173112,215654,111487,105210,230870,158903,230943,142210,154128,130023,139790,220307,239458,230072,249478,145142,89294
6/30/2013,278709,112960,104169,181593,375551,253162,254044,526383,210887,161827,130885,543441,124263,169319,160417,114077,118754,111570,147293,329011,270028,184200,106238,182756,122269,103341,151639,127042,224927,295842,177469,216301,111921,105428,233133,159305,232181,142607,154606,130387,140662,222985,240092,229841,251472,145854,89467
7/31/2013,280137,113043,104331,184428,383096,255011,255140,531752,211131,163939,132080,544805,124513,170907,161502,114358,118848,111824,147793,331014,271764,184195,107487,184703,122621,103181,152158,127311,225754,297573,182275,216932,112313,105656,235309,159726,233340,143097,155097,130717,141556,225509,240850,229666,253646,146499,89675
8/31/2013,281658,113269,104502,186789,390416,257175,256237,536381,212288,166114,133412,550632,124783,172151,163058,114646,118920,112190,148231,333133,273259,184539,108817,186479,122946,103061,152679,127662,226882,299402,186571,217482,112699,105984,236869,160091,234766,143729,155566,131207,142495,227959,241754,229562,255697,147235,89874
9/30/2013,282710,113462,104628,188750,396907,259122,257381,541556,213559,168341,134820,556715,125012,173215,164432,114887,119123,112437,148452,335810,274934,184752,110224,188226,123140,103025,153157,127943,228070,300968,190658,218004,112992,106337,238638,160430,236427,144276,156038,131750,143532,230029,242780,229492,258018,148104,90134
10/31/2013,283357,113657,104728,190373,402547,260876,258268,547021,215216,170333,136266,563182,125220,174234,165962,115078,119357,112726,148640,338302,276524,185098,111477,189866,123502,103033,153700,128337,229241,302413,194202,218639,113391,106554,240049,160678,238040,144773,156434,132416,144623,231659,243498,229430,259815,148945,90401
11/30/2013,284169,113825,104763,191292,407744,262396,258874,552322,216306,172223,137484,567777,125380,175304,166752,115390,119584,112933,148882,340239,278234,185047,112659,191210,123773,103015,154165,128642,230183,303829,197512,219286,113738,106765,242292,160981,238972,145259,156878,133107,145705,233013,244165,229434,261211,149538,90692
12/31/2013,284975,114035,104757,192865,412250,264099,258867,557287,217346,173937,138755,573179,125620,175995,167766,115749,119843,113174,149273,341255,279461,184945,113876,192355,124130,103040,154738,128929,231106,304979,199726,219872,114030,106910,244520,161199,239373,145723,157299,133700,146662,233779,244791,229433,262457,149995,90929
1/31/2014,285479,114171,104784,194576,416808,265561,258623,567329,218464,175535,139832,578495,125862,176330,168360,116166,120067,113263,149754,342234,280585,184897,115114,193576,124368,103063,155211,128922,231865,306004,201731,220442,114056,107196,246751,161442,240099,146257,157666,134211,147530,234627,245658,229440,263961,150418,91081
2/28/2014,286057,114285,104925,197122,420564,267035,258606,578099,219195,176890,140892,584065,126194,176919,169248,116523,120322,113435,150175,342764,281517,184814,116177,194882,124696,103174,155702,129105,232647,306527,203558,220979,114015,107471,248132,161668,240510,146701,157949,134593,148425,235380,246271,229342,265808,151101,91134
3/31/2014,286609,114331,105185,197900,422797,268239,258233,589678,219709,178215,141750,587955,126640,177515,169629,116928,120297,113501,150485,343966,282039,184744,116983,196410,125008,103269,156005,129539,233063,307600,205156,221612,113974,107731,249128,161866,241931,146990,158324,134907,149218,236285,246743,229140,266853,151849,91182
4/30/2014,287044,114503,105440,197911,423900,269675,257864,594950,219903,179343,142618,590465,127191,178208,169795,117274,120321,113721,150739,345316,282650,185154,117666,197711,125360,103479,156256,130352,233546,308594,206395,222061,114042,107895,250073,161930,243230,147169,158757,135166,149985,236436,247051,229084,267826,152236,91285
5/31/2014,286831,114796,105670,197767,424561,271191,256987,597943,220996,180387,143374,592850,127657,178542,170204,117592,120338,113919,150741,346699,282585,185847,118397,198657,125803,103711,156472,130980,233812,309609,206931,222430,114177,108170,250770,161965,244621,147435,159311,135488,150784,236660,247333,229184,268322,152393,91454
6/30/2014,286366,115143,105816,197979,425435,272883,256653,599772,221938,181266,144079,597123,127975,178945,170908,117866,120567,114249,150647,347745,282884,186423,119214,199217,126244,103928,156667,131387,234303,310125,207318,222692,114390,108406,251936,162120,245161,147779,159781,135890,151704,236710,247739,229494,269846,152600,91610
7/31/2014,286797,115440,105900,197861,426776,274565,256323,602190,222737,182136,144831,600697,128216,179070,171639,118241,120884,114584,150533,348469,282854,186667,119915,199442,126647,104202,156834,131702,234713,310447,208219,222870,114644,108696,253019,162361,244930,148190,160237,136302,152582,236727,248123,229767,271115,153024,91752
8/31/2014,287920,115685,106007,197949,427513,276025,255738,603750,222923,182760,145536,603720,128401,179017,172049,118620,121258,114774,150678,349260,283214,186557,120469,199480,126997,104533,156920,131988,235248,310570,208948,223089,114799,108934,254443,162557,244421,148552,160634,136636,153530,236841,248420,229996,272233,153304,91933
9/30/2014,289144,115854,106185,197727,428792,277699,254982,603701,223293,183474,146286,604701,128632,179158,172553,118989,121653,114971,150918,349548,283261,186738,120892,199424,127325,104920,157113,132265,235733,310425,209181,223330,115008,109235,255837,162672,244195,148901,161163,136891,154474,236818,248556,230208,273045,153382,92156
10/31/2014,290350,116059,106446,198186,430158,279676,254517,602063,223578,184465,146973,605033,128847,179455,172829,119355,121971,115161,151192,349655,283461,186954,121375,199375,127637,105366,157335,132524,236382,310170,210324,223642,115156,109785,257459,162791,244264,149199,161739,137092,155449,237466,248833,230480,274379,153490,92420
11/30/2014,290959,116272,106724,199263,432603,282028,254393,601989,224029,185610,147687,606202,129084,180061,173374,119734,122308,115460,151705,350122,283683,187163,121913,199531,127992,105851,157728,132809,237191,309794,211619,223994,115461,110278,259002,162941,244672,149467,162361,137268,156421,238402,249127,230750,275912,153793,92653
12/31/2014,292011,116453,107017,200511,434415,284519,254266,602360,224448,186752,148330,607737,129282,180864,173745,120103,122606,115829,152051,351642,283832,187203,122409,200016,128289,106353,158116,133319,237752,309709,214224,224452,115840,110715,260276,163157,245299,149773,162840,137603,157431,239480,249448,231076,277707,154276,92880
1/31/2015,292818,116642,107278,200939,436357,287333,254121,598632,224933,187805,148962,609827,129601,181743,174097,120378,122984,116324,152346,353710,283801,187202,122920,200477,128468,106851,158606,133902,238592,309990,215782,224873,116397,110985,261499,163330,245948,150140,163452,138051,158452,240626,249490,231366,279699,154732,93034
2/28/2015,293516,116828,107479,201149,438549,290182,254157,594777,225593,188970,149566,610964,129896,182763,174197,120619,123315,116693,152546,355403,283710,187875,123481,201389,128654,107294,159095,134665,239317,310811,217498,225153,116992,111349,263157,163471,246301,150645,164143,138589,159466,241717,249932,231694,281228,155271,93264
3/31/2015,294044,117097,107614,202584,441816,293034,254593,591336,226274,190129,150156,613005,130250,183559,174678,120845,123785,117097,152984,356540,284158,188947,124202,202196,128972,107662,159721,135370,240463,311086,218744,225311,117530,111780,265214,163759,246422,151283,164810,139110,160552,243170,250403,231965,283228,155594,93475
4/30/2015,295443,117295,107784,204536,444565,295743,254943,592518,227378,191295,150827,615282,130583,184731,175419,121155,124271,117410,153386,356715,284248,189595,124850,203255,129511,108000,160255,136015,241526,311403,220274,225575,117982,112174,267039,164184,246233,151943,165420,139646,161660,244867,250859,232167,285061,156134,93739
5/31/2015,297561,117472,107912,206296,447434,298717,255349,593758,227890,192506,151641,618613,131005,185703,176160,121448,124808,117792,153821,357264,284577,190028,125373,203974,130008,108321,160725,136665,242965,311431,222319,225956,118451,112461,268977,164722,246214,152522,165912,140308,162693,246423,251269,232290,287629,156490,93952
6/30/2015,299537,117620,108142,207254,449664,301689,255406,595798,228596,193813,152519,620592,131423,186865,176375,121747,125354,118071,154224,357865,284547,190348,125835,204662,130502,108699,161163,137288,244053,311719,223817,226445,118894,112759,270980,164996,246921,153069,166597,140935,163711,247820,251567,232293,289619,156782,94171
7/31/2015,300258,117843,108417,208590,451798,304606,255558,598213,229055,195054,153282,622966,131870,187824,176658,121892,125804,118337,154700,359400,284839,191223,126342,205381,130945,109027,161726,137881,245140,311781,224539,227020,119336,113028,273278,165171,248298,153599,167285,141541,164708,249419,251908,232229,291577,156944,94378
8/31/2015,300245,118025,108761,209852,454359,307621,255785,601346,229882,196470,154027,623143,132357,189127,176898,122066,126224,118718,154985,360984,284997,192126,126953,206192,131438,109300,162378,138494,245770,311933,225661,227594,119756,113290,275868,165360,249646,154050,168079,142126,165676,251459,252229,232162,294101,157155,94560
9/30/2015,299989,118277,109073,211382,457313,310754,256247,605563,230445,197940,154741,623856,132844,190186,177229,122302,126538,119162,155353,362412,285208,192646,127468,207185,131930,109507,162943,139056,246348,312298,227400,228183,120159,113469,278368,165696,250012,154491,168565,142770,166565,253674,252637,232004,296784,157516,94769
10/31/2015,300043,118436,109345,212291,460555,313859,256138,611123,230779,199413,155418,625622,133326,191282,177462,122567,126929,119576,155751,363999,285367,193040,127974,208146,132392,109711,163447,139654,246654,312685,228968,228633,120552,113413,280961,166082,250525,155028,169081,143483,167512,255520,253058,231977,299571,157983,94945
11/30/2015,300654,118588,109653,213030,463114,316706,255506,614073,231111,200708,156081,628075,133824,192289,177742,122917,127269,119941,156030,364925,285163,193439,128571,209238,132779,109868,163859,140295,247169,313222,229950,229006,120919,113395,283404,166429,251208,155659,169543,144237,168373,256907,253360,231985,302185,158606,95142
12/31/2015,301563,118760,109942,213856,466643,319344,255171,616342,231486,202152,156739,629960,134264,193621,178184,123298,127608,120282,156395,365684,285605,194630,129345,210297,133314,110002,164236,140766,248246,313601,231434,229238,121252,113460,285997,166691,252506,156320,170293,144902,169274,258359,253694,231926,304747,159249,95319
1/31/2016,302817,119023,110248,215516,469757,321644,255336,617635,231908,203689,157563,631790,134619,195511,178763,123824,127922,120671,156588,366467,286125,195806,130064,211580,133868,110136,164660,141272,249087,313577,233523,229520,121660,113794,288716,167107,254139,156971,171033,145613,170217,259987,254090,231955,307111,159847,95622
2/29/2016,303993,119364,110569,216816,472456,323997,255735,619753,232569,205333,158371,634299,134982,197062,179773,124283,128358,121168,156906,368227,286964,196640,130734,212668,134503,110306,165174,141492,249500,313557,235450,230140,122064,114183,290842,167668,256456,157485,171736,146342,171132,261673,254204,232309,309853,160396,95869
3/31/2016,304634,119676,110929,217693,474191,326494,255776,622418,233314,206743,159310,636669,135369,198597,180647,124633,128776,121673,156952,369945,287444,197062,131219,213636,135034,110545,165651,141715,249646,313479,236512,230942,122584,114553,293061,168036,257883,157992,172586,147113,172022,262989,254354,233008,312549,160883,96132
4/30/2016,304394,120036,111287,218536,476901,329277,255459,625781,234313,208165,160235,638919,135745,199381,181393,124921,129160,122220,157196,372045,288278,197919,131981,214314,135521,110761,166256,141880,250192,313744,238102,231705,123058,114888,295616,168265,258895,158486,173505,147794,172882,264217,254780,233645,315296,161442,96300
5/31/2016,303645,120333,111690,219574,479519,331753,255284,629772,235264,209506,161101,640853,136130,200679,181905,125310,129608,122715,157575,373790,289425,198643,132792,214976,136095,111005,166992,142339,251234,313889,239483,232322,123491,115221,298813,168351,259400,159168,174413,148363,173918,265947,255528,233925,317657,162173,96501
6/30/2016,302914,120670,112094,220703,482293,334094,255195,632498,236442,210996,161809,643857,136561,201834,182551,125848,130082,123293,158130,375530,290359,199303,133707,215911,136699,111284,167910,143006,252319,314389,241220,232792,123909,115583,301866,168795,260063,159836,175065,148941,174895,267891,256309,234221,320269,163150,96658
7/31/2016,302842,120901,112442,221326,484723,336599,255304,634188,237732,212569,162440,647141,137046,203277,183301,126536,130614,123836,158623,376360,291423,199495,134618,217150,137396,111590,168794,143833,253218,314970,242577,233346,124373,115959,304932,169279,260914,160477,175688,149647,175957,269970,257042,234612,323220,164057,96812
8/31/2016,302858,121179,112723,222382,487785,339198,255257,636042,238682,214075,163077,652353,137488,204610,184024,127187,131101,124393,159074,377401,292164,200197,135476,218664,138032,111957,169629,144683,254240,315533,243975,233992,124912,116309,307510,169851,262034,161217,176391,150424,176887,271444,257774,234970,325882,165105,96941
9/30/2016,303286,121414,113016,223501,490613,341559,255075,637568,239359,215438,163615,657619,137858,206274,184649,127848,131600,124911,159490,379137,293419,201410,136533,220003,138684,112289,170502,145571,255535,315986,245278,234685,125480,116640,310171,170291,264381,162035,177324,151324,177878,273356,258551,235277,328684,166178,97004
10/31/2016,303595,121789,113364,225109,493677,343704,255429,638045,240101,216687,164318,661920,138260,208022,185348,128454,132075,125527,159822,381101,294393,202778,137594,221407,139398,112554,171358,146422,257052,316592,245857,235523,126065,117032,312531,170763,266128,162898,178273,152224,178774,275228,259250,235542,331200,167317,97051
11/30/2016,304064,122221,113726,226682,496280,346080,256268,641171,240921,218114,165094,664630,138685,209630,186202,128973,132527,126154,160079,383432,295592,204288,138571,222625,140212,112808,172264,147153,258237,317172,246997,236401,126706,117398,314717,171303,267410,163668,179277,153201,179889,277612,260105,235975,334246,168227,97069
12/31/2016,304255,122644,114095,227961,498524,348494,257220,644907,241988,219489,166031,667727,139194,211092,187121,129412,133017,126781,160217,385277,296447,205271,139430,223779,140902,113107,173198,147903,259095,317795,246591,237484,127408,117777,317107,172019,267942,164409,180246,154173,181071,279841,261053,236537,337237,169052,97160
1/31/2017,304403,122960,114485,228920,500970,351243,258137,651402,242909,220946,166813,670499,139807,211911,188098,129848,133539,127301,160442,386929,297649,206284,140271,224739,141611,113453,174086,148656,260189,318643,247380,238439,128142,117976,319376,172510,268428,164929,181201,155020,182137,281928,262050,237040,340249,169924,97205
2/28/2017,304235,123217,114849,230070,503616,353973,258730,656027,243332,222278,167664,672914,140416,213124,188847,130453,134114,127798,160584,387812,298682,207091,141161,225735,142321,113740,174903,149641,262311,319315,248187,239156,128821,118218,322057,172952,269140,165563,182161,155764,183198,283892,263148,237449,343181,170814,97311
3/31/2017,304097,123503,115267,231430,506770,356823,259338,660543,243158,223679,168512,675347,141020,214312,189720,131191,134752,128406,161069,388910,299667,207960,142178,226961,143083,114030,175805,150802,264304,320454,251384,239765,129444,118442,324304,173374,270217,166103,182950,156637,184122,286151,264066,237903,346185,171725,97428
4/30/2017,303861,123825,115622,232753,509643,359258,260151,661594,242434,225224,169416,678674,141566,216443,190535,132017,135433,129082,161621,390839,300387,209139,143221,228480,143788,114367,176776,151986,265985,321124,253750,240638,130106,118869,326721,174101,272601,166943,183736,157703,185111,288695,264993,238450,349547,172676,97649
5/31/2017,304089,124161,116050,233962,512930,361532,260994,661387,242127,226760,170326,683806,142074,218236,191305,132819,135927,129810,162241,393186,300869,210456,144369,230183,144324,114715,177723,152897,266656,322458,256198,241792,130757,119277,328584,174874,275287,167661,184544,158840,185946,291213,265628,239289,352903,173620,97904
6/30/2017,304585,124411,116438,235408,516470,363754,261801,660808,242218,228297,171369,687943,142597,220168,191903,133558,136306,130474,162563,395825,301693,211922,145359,231763,144894,114985,178539,153625,267698,323165,258674,243155,131428,119658,330183,175625,277975,168452,185486,159967,186809,293773,266372,240348,356333,174639,98215
7/31/2017,305140,124706,116987,237148,519414,365682,262667,662071,242531,229669,172531,691289,143066,222020,192416,134165,136719,131155,162887,398454,302130,213388,146185,233104,145458,115235,179247,154326,269108,324306,262093,244295,132010,119928,331551,176350,279786,169173,186403,161070,187576,296082,266991,241237,359819,175638,98555
8/31/2017,305359,125099,117523,238330,522146,367518,263631,663294,243305,231181,173661,692125,143562,223977,193097,134845,137259,131807,163190,400411,303086,214466,147042,234112,146160,115499,180048,155044,270814,325557,265012,245312,132766,120236,333196,177093,281028,169910,187219,162169,188357,298551,267733,242470,363169,176648,98953
9/30/2017,306191,125644,118008,239670,525135,369486,264724,665621,244262,232647,174995,694620,144060,226105,193862,135496,137906,132487,163622,402387,303993,215328,147924,235145,147016,115840,180925,155856,272424,327022,268585,246246,133562,120645,334961,177912,281904,170586,187966,163128,189199,300391,268425,243706,366185,177518,99360
10/31/2017,307692,126148,118411,241030,528581,371785,265601,669043,245439,234112,176275,697820,144529,228020,194724,136367,138561,133102,164027,403912,305380,216070,148884,236091,147861,116197,182007,156784,274043,328315,272657,247202,134461,121111,336701,178769,283433,171255,188601,164047,190194,302361,269246,245350,369341,178277,99836
11/30/2017,308747,126543,118841,242644,532687,373970,266642,671899,246181,235473,177698,702568,145053,230239,195525,137198,139309,133856,164575,406265,306775,216851,149884,237401,148660,116584,183042,157819,276061,329547,277109,248280,135232,121531,338586,179536,285785,171988,189285,164994,191198,304331,270178,246719,372338,179165,100355
12/31/2017,308898,127056,119333,243970,536931,376581,267188,675085,246407,236839,179055,706151,145598,232323,196387,138081,140064,134560,165135,408259,308025,217653,150873,238850,149361,116892,184130,158853,277956,330766,281246,249239,135952,121937,340399,180280,288312,172740,189806,166015,192110,306817,270947,248008,375954,180271,100780
1/31/2018,307940,127575,119829,245465,541391,378876,267523,676565,246454,237871,180478,709263,145978,234674,197226,138742,140784,135324,165839,410376,308589,218942,152095,240470,150070,117227,185214,159740,279650,332193,284104,250381,136440,122299,342147,181132,290551,173717,190377,167008,192905,308891,271842,249059,379411,181578,101146
2/28/2018,307138,128138,120356,247301,545813,381104,267514,681675,247375,239007,181805,712155,146303,237011,197877,139472,141395,135998,166421,412835,309325,220597,153349,242084,150714,117585,186343,160593,280508,333650,287382,251473,137084,122500,344219,182016,292199,174707,190927,168106,193733,311470,272392,249873,383424,182690,101460
3/31/2018,306432,128616,120832,249059,549622,383078,267832,680741,249063,240385,182943,714806,146615,239462,198242,140321,141916,136644,166678,415309,310102,222363,154566,243694,151465,117932,187378,161246,281685,334909,289485,252586,137788,122697,346537,183223,293828,175895,191680,169086,194714,313906,273234,250329,387059,183838,101751
4/30/2018,305562,129135,121336,250767,552438,385553,268156,682006,251035,241989,184118,717414,147157,242063,198570,141307,142430,137179,166668,417086,311457,223234,155590,245102,152283,118224,188278,162025,282918,336347,292186,253553,138766,122897,348653,184277,294811,176834,192456,170082,195812,316917,273931,250924,390538,184855,101981
5/31/2018,305958,129708,121754,252275,554522,388313,268519,683192,252648,243604,185367,718581,147726,245126,199009,142204,143033,137624,166456,418307,312469,224009,156464,246201,153167,118557,189262,162893,284256,337147,294667,254461,139638,123233,350415,185277,295725,177716,193413,171029,196868,319660,274968,251525,393235,186056,102111
6/30/2018,306502,130310,122144,253717,556460,390894,269076,690441,253698,244935,186711,719825,148094,248591,199621,143113,143634,138100,166496,419577,313407,224766,157437,247082,153967,118964,190296,163837,285472,338202,298207,255464,140448,123432,352141,185889,296443,178481,194339,172066,197887,322056,275873,251685,395416,187015,102239
7/31/2018,307650,130935,122488,254958,558645,393248,269579,697634,254609,246189,188007,721133,148458,251984,200117,144108,144091,138637,166483,421315,314402,225842,158425,247971,154776,119421,191471,164597,286526,338775,301785,256678,141199,123655,354066,186481,297292,179272,195343,173144,198800,324541,276771,252224,396941,187950,102328
8/31/2018,307664,131510,122790,256197,560282,395281,270212,702589,255170,247395,189236,723726,148817,254703,200573,145048,144496,139145,166724,422875,315058,226947,159499,249164,155624,119822,192574,165319,288175,339566,305704,258007,141841,123889,355560,187062,298753,180069,196272,174153,199752,326749,277412,252531,398455,188699,102389
9/30/2018,307785,132054,123162,257670,561327,397229,270471,706857,255682,248640,190396,725163,149330,257060,201114,145829,144954,139602,166829,423736,315535,227883,160430,250240,156270,120268,193621,166026,289560,340513,308299,259365,142420,124189,356894,187723,300011,180902,197262,175142,200542,329296,277988,253338,400315,189608,102520
10/31/2018,309467,132555,123529,258915,562110,399242,270774,710592,256274,249811,191569,725735,149809,259533,201616,146399,145473,140039,167073,424585,315803,228659,161334,251375,156869,120688,194474,166747,290848,341504,309773,260540,142984,124543,357754,188322,300818,181648,198311,176102,201472,332066,278548,253825,402294,190447,102628
11/30/2018,311298,133099,124033,260057,562891,401367,270709,715054,257225,250932,192780,725701,150233,262445,202095,147163,146134,140383,167035,425083,316348,229345,162124,252318,157428,121097,195415,167539,291516,342466,310185,261501,143726,124859,359041,189022,300679,182448,199313,176961,202291,334782,279354,254421,403887,191330,102943
12/31/2018,312758,133514,124558,261050,562820,402706,271106,718057,258175,252116,193897,725938,150638,265215,202351,148085,146707,140806,166852,426115,316996,230265,163094,253300,158171,121477,196366,168421,292480,343026,311604,262315,144491,125228,360214,189690,300768,183254,200229,177806,203278,337293,280397,254993,404679,192019,103273
1/31/2019,312736,133989,125077,262288,562344,403464,270918,720163,259196,253210,194869,726247,151116,268020,202458,149167,147284,141309,166587,426618,317843,230581,163838,254301,158912,121821,197426,169287,293504,343316,313013,263086,145306,125496,361495,190428,301029,184062,201043,178721,204240,339467,281415,255565,405524,192627,103662
2/28/2019,315157,134472,125478,263472,561231,404449,271340,719938,259406,253941,195655,726607,151745,270173,202730,149936,147733,141988,166574,426994,318495,230968,164599,255199,159618,122261,198293,169953,294392,343500,314382,263868,146021,126020,362258,191130,301348,184780,201685,179528,205167,341444,282455,256724,405956,193398,103990
3/31/2019,317841,134991,125813,264527,560722,405353,271441,724683,259547,254358,196605,726995,152303,272643,203007,150607,148185,142595,166737,426947,318782,231163,165119,255855,160162,122731,199117,170609,294857,343809,314444,264710,146718,126468,362465,191585,301874,185266,202321,180300,205770,343041,283362,257863,406439,194264,104314
4/30/2019,321433,135476,126169,265203,560995,406200,271849,729052,259502,254767,197563,727274,152740,274643,203355,151165,148642,143234,166902,427121,318748,232046,165683,256440,160648,123271,199953,171279,295278,344179,314796,265436,147244,126949,362690,192016,302471,185801,202925,180934,206192,344263,284283,258849,406686,195263,104681
5/31/2019,322265,135955,126555,266055,561637,406449,271948,733630,259539,255204,198540,727176,153046,276665,203598,151907,149080,143868,167148,427327,318877,232816,166258,257127,161182,123716,200794,171986,296312,344716,315013,266169,147791,127298,363092,192526,303187,186338,203477,181710,206662,345340,285075,259470,407659,196036,105012
6/30/2019,323118,136491,127013,267246,562386,407102,271993,734174,259731,255766,199331,727216,153544,278180,203835,152562,149633,144527,167390,427745,319176,233740,166946,258140,161770,124129,201657,172665,297409,345291,314619,266732,148422,127810,363944,193275,303801,187016,203995,182441,207244,346832,285915,260592,409160,196834,105377
7/31/2019,323206,137034,127431,268612,563398,407985,272027,734009,259851,256449,200102,727326,154045,279801,204142,153197,150263,145136,167699,428032,319564,234575,167705,259185,162325,124511,202470,173460,298543,346019,313810,267217,149138,128383,364705,194047,304719,187708,204477,183145,207904,348326,286818,261481,411107,197675,105743
8/31/2019,324163,137592,127899,270270,564896,409100,271967,735567,260015,257111,200931,727140,154525,282020,204371,153849,150878,145771,167863,428824,320026,235553,168390,260090,162782,124920,203310,174268,299134,346545,313051,267654,149836,128964,365737,194797,305410,188361,205067,183919,208526,350081,287846,262380,413263,198608,106091
9/30/2019,324420,138138,128338,271740,566911,410238,272177,737117,260136,257807,201723,726770,154883,284441,204487,154644,151398,146431,168098,430097,320549,236768,169140,261104,163308,125260,204160,175029,300032,346884,313054,268098,150560,129481,366808,195468,306214,188995,205622,184786,209208,351797,288922,262904,415388,199455,106375
10/31/2019,322877,138748,128814,273403,569019,411177,272390,738695,260016,258590,202482,726659,155255,286922,204550,155499,151871,147116,168288,431656,321063,238241,169880,262110,163857,125624,205072,175725,301073,347264,313880,268639,151239,129956,368321,196157,307172,189684,206197,185726,209696,353279,289949,263483,417540,200373,106632
11/30/2019,321087,139404,129169,275153,571142,412016,272737,739461,259757,259429,203101,726350,155618,288939,204609,156232,152198,147801,168677,433125,321331,239852,170716,263126,164431,125980,205940,176331,302575,347722,315209,269259,151832,130518,369477,196798,308560,190311,206780,186743,210191,354675,290684,264080,420109,201218,106695
12/31/2019,319754,140138,129477,277367,574142,413219,272955,740966,259632,260224,203770,726112,155947,291208,204767,156824,152584,148449,169226,434599,321649,241491,171450,264071,164925,126382,206774,176866,304080,348517,316317,269990,152421,131073,370727,197446,309855,190927,207515,187767,210559,355969,291276,264703,423181,202100,106761
1/31/2020,319753,140881,129787,279482,577601,414960,273721,743270,259505,261244,204525,725884,156262,293472,205009,157397,152985,149025,169794,436598,322085,243485,172261,264968,165399,126780,207537,177484,305718,349410,317782,270660,153087,131792,371987,198035,311201,191473,208316,188809,211003,357764,291795,265440,426520,202911,106796
2/29/2020,317470,141646,130180,281581,581867,416567,274261,745717,259586,262536,205432,725541,156466,296233,205222,158142,153530,149507,170279,438822,322627,245445,173050,265970,165921,127092,208447,178232,307795,350433,319070,271355,153767,132416,373472,198650,312770,192063,209269,189944,211434,359461,292441,265826,430155,203670,106871
3/31/2020,314518,142463,130638,283974,586271,418359,274918,747179,259392,263965,206277,725070,156707,298730,205522,158876,154107,150034,170762,441507,323466,247668,174044,267135,166494,127371,209429,179044,310210,351382,321471,271984,154443,133143,375428,199311,314180,192752,210171,191179,212043,361473,293064,266352,434222,204311,106928
